Customer Name,Customer ID,Company ID,Service Name,UB Sub Account Number,Delete Indicator,Delete Date,Sales Email,Account Manager Email,Last Modified Date,Last Modified By,Inventory Customer Name,"Inventory Customer ID",BD Last Modified Date,BD Last Modified By,SLA Credit Type,Custom Contract Indicator,SLA Eligibility,SLA Credit Eligibility,Comments,OTP Credit Amount,SA Credit Percentage
*MANDARIN KITCHEN*,ISOM*MAND31772,,ABV,8310016111258,N,,,,09/14/2026,ISOM,,,,,PROACTIVE,N,Y,Y,,5,3.33
1090 MAIN ST HOME OWNER ASCN,ISOM1090M31630,,ABV,8310015582842,N,,,,09/14/2026,ISOM,,,,,PROACTIVE,N,Y,Y,,5,3.33
1090 Main Street Homeowners Association,ISOM1090M32382,,ABV,8310016323078,N,,,,09/14/2026,ISOM,,,,,PROACTIVE,N,Y,Y,,5,3.33
1101 57th Ave. Cottages Corporation,ISOM1101531923,,ABV,8310015779080,N,,,,09/14/2026,ISOM,,,,,PROACTIVE,N,Y,Y,,5,3.33
111 La Brea Plaza LLC,ISOM111La31095,,ABV,8310015783033,N,,,,09/14/2026,ISOM,,,,,PROACTIVE,N,Y,Y,,5,3.33
111 La Brea Plaza LLC,ISOM111La31096,,ABV,8310015783031,N,,,,09/14/2026,ISOM,,,,,PROACTIVE,N,Y,Y,,5,3.33
1145 PNE HOMEOWNERS DEPT 549,ISOM1145P32616,,ABV,8310015842734,N,,,,09/14/2026,ISOM,,,,,PROACTIVE,N,Y,Y,,5,3.33
1155 Market Street Building Association,ISOM1155M31030,,ABV,8310015664319,N,,,,09/14/2026,ISOM,,,,,PROACTIVE,N,Y,Y,,5,3.33
119 E BEACH HOA,ISOM119EB32522,,ABV,8310016110980,N,,,,09/14/2026,ISOM,,,,,PROACTIVE,N,Y,Y,,5,3.33
1200 Riverside,ISOM1200R32412,,ABV,8310016198701,N,,,,09/14/2026,ISOM,,,,,PROACTIVE,N,Y,Y,,5,3.33
1238 E CYPRESS LLC,ISOM1238E31391,,ABV,8310015879400,N,,,,09/14/2026,ISOM,,,,,PROACTIVE,N,Y,Y,,5,3.33
1250 MISSOURI LLC,ISOM1250M31194,,ABV,8310016254347,N,,,,09/14/2026,ISOM,,,,,PROACTIVE,N,Y,Y,,5,3.33
1275 LLC,ISOM1275L31299,,ABV,8310016198554,N,,,,09/14/2026,ISOM,,,,,PROACTIVE,N,Y,Y,,5,3.33
12840 MOB LLC,ISOM1284031625,,ABV,8310015572044,N,,,,09/14/2026,ISOM,,,,,PROACTIVE,N,Y,Y,,5,3.33
1295 UNIVERSITY AVE SLP,ISOM1295U31803,,ABV,8310016273452,N,,,,09/14/2026,ISOM,,,,,PROACTIVE,N,Y,Y,,5,3.33
129 First Street LLC,ISOM129Fi31877,,ABV,8310016363797,N,,,,09/14/2026,ISOM,,,,,PROACTIVE,N,Y,Y,,5,3.33
1315 S FLOWER LLC,ISOM1315S32499,,ABV,8310015799607,N,,,,09/14/2026,ISOM,,,,,PROACTIVE,N,Y,Y,,5,3.33
1323 Micheltorena Lpa Californ,ISOM1323M32716,,ABV,8310015649485,N,,,,09/14/2026,ISOM,,,,,PROACTIVE,N,Y,Y,,5,3.33
13610 STRATHERN LLC,ISOM1361031361,,ABV,8310016274981,N,,,,09/14/2026,ISOM,,,,,PROACTIVE,N,Y,Y,,5,3.33
1400 16TH STREET LLC,ISOM1400131210,,ABV,8310016228564,N,,,,09/14/2026,ISOM,,,,,PROACTIVE,N,Y,Y,,5,3.33
"1470 CIVIC, LLC",ISOM1470C32491,,ABV,8310015716223,N,,,,09/14/2026,ISOM,,,,,PROACTIVE,N,Y,Y,,5,3.33
147 W ACACIA HOA,ISOM147WA31196,,ABV,8310016198368,N,,,,09/14/2026,ISOM,,,,,PROACTIVE,N,Y,Y,,5,3.33
147 W ACACIA HOA,ISOM147WA32119,,ABV,8310015505050,N,,,,09/14/2026,ISOM,,,,,PROACTIVE,N,Y,Y,,5,3.33
150-180 BAYTECH DRIVE CA,ISOM150-131144,,ABV,8310015868788,N,,,,09/14/2026,ISOM,,,,,PROACTIVE,N,Y,Y,,5,3.33
1501 CHERRY OWNERS ASSOC,ISOM1501C31174,,ABV,8310016090309,N,,,,09/14/2026,ISOM,,,,,PROACTIVE,N,Y,Y,,5,3.33
1620 W Katella Avenue Fitness Group LLC,ISOM1620W32561,,ABV,8310015942218,N,,,,09/14/2026,ISOM,,,,,PROACTIVE,N,Y,Y,,5,3.33
1624 Larkin Street Owners Association,ISOM1624L30986,,ABV,8310015444374,N,,,,09/14/2026,ISOM,,,,,PROACTIVE,N,Y,Y,,5,3.33
1701 GROVE HOA,ISOM1701G32180,,ABV,8310015595307,N,,,,09/14/2026,ISOM,,,,,PROACTIVE,N,Y,Y,,5,3.33
1800 ARGYLE LLC,ISOM1800A32324,,ABV,8310016103640,N,,,,09/14/2026,ISOM,,,,,PROACTIVE,N,Y,Y,,5,3.33
1801 W OLIVE LLC,ISOM1801W32022,,ABV,8310015744103,N,,,,09/14/2026,ISOM,,,,,PROACTIVE,N,Y,Y,,5,3.33
1825 PARTNER LP,ISOM1825P32494,,ABV,8310015846432,N,,,,09/14/2026,ISOM,,,,,PROACTIVE,N,Y,Y,,5,3.33
"1850 HARBOR, LLC",ISOM1850H31833,,ABV,8310016265980,N,,,,09/14/2026,ISOM,,,,,PROACTIVE,N,Y,Y,,5,3.33
18620 HTTRS HMOWNRS ASC,ISOM1862032755,,ABV,8310015720212,N,,,,09/14/2026,ISOM,,,,,PROACTIVE,N,Y,Y,,5,3.33
1900 ALAMEDA PARTNERS,ISOM1900A31284,,ABV,8310016354261,N,,,,09/14/2026,ISOM,,,,,PROACTIVE,N,Y,Y,,5,3.33
1900 Bryant St,ISOM1900B31535,,ABV,8310016081970,N,,,,09/14/2026,ISOM,,,,,PROACTIVE,N,Y,Y,,5,3.33
1900 Bryant St,ISOM1900B32315,,ABV,8310016237758,N,,,,09/14/2026,ISOM,,,,,PROACTIVE,N,Y,Y,,5,3.33
1904 LLC,ISOM1904L32577,,ABV,8310016271244,N,,,,09/14/2026,ISOM,,,,,PROACTIVE,N,Y,Y,,5,3.33
1936 BLAKE ST LLC,ISOM1936B31199,,ABV,8310016241729,N,,,,09/14/2026,ISOM,,,,,PROACTIVE,N,Y,Y,,5,3.33
1960 THE ALAMEDA LLC,ISOM1960T31685,,ABV,8310015833810,N,,,,09/14/2026,ISOM,,,,,PROACTIVE,N,Y,Y,,5,3.33
1ST BAPTIST CHURCH,ISOM1STBA32461,,ABV,8310016254329,N,,,,09/14/2026,ISOM,,,,,PROACTIVE,N,Y,Y,,5,3.33
1 TWIN PROPERTY OWNER LLC,ISOM1TWIN32334,,ABV,8310016102778,N,,,,09/14/2026,ISOM,,,,,PROACTIVE,N,Y,Y,,5,3.33
"2006 Lombard Street, LLC",ISOM2006L31622,,ABV,8310015570404,N,,,,09/14/2026,ISOM,,,,,PROACTIVE,N,Y,Y,,5,3.33
"2006 Lombard Street, LLC",ISOM2006L32839,,ABV,8310015965614,N,,,,09/14/2026,ISOM,,,,,PROACTIVE,N,Y,Y,,5,3.33
2217 PACIF AV CONDO HOA,ISOM2217P31340,,ABV,8310016374626,N,,,,09/14/2026,ISOM,,,,,PROACTIVE,N,Y,Y,,5,3.33
2301 Harrison Street Homeowners Association,ISOM2301H31783,,ABV,8310016088316,N,,,,09/14/2026,ISOM,,,,,PROACTIVE,N,Y,Y,,5,3.33
232 N LAKE LLC,ISOM232NL32107,,ABV,8310015498075,N,,,,09/14/2026,ISOM,,,,,PROACTIVE,N,Y,Y,,5,3.33
"240 Post, LLC",ISOM240Po32564,,ABV,8310016102807,N,,,,09/14/2026,ISOM,,,,,PROACTIVE,N,Y,Y,,5,3.33
2500 Steiner Street Inc,ISOM2500S31350,,ABV,8310015759726,N,,,,09/14/2026,ISOM,,,,,PROACTIVE,N,Y,Y,,5,3.33
251 Arkansas LLC,ISOM251Ar32026,,ABV,8310016138607,N,,,,09/14/2026,ISOM,,,,,PROACTIVE,N,Y,Y,,5,3.33
25 EXECUTIVE COURT,ISOM25EXE31690,,ABV,8310015919464,N,,,,09/14/2026,ISOM,,,,,PROACTIVE,N,Y,Y,,5,3.33
"26385 Carmel Rancho, LLC",ISOM2638531928,,ABV,8310015965375,N,,,,09/14/2026,ISOM,,,,,PROACTIVE,N,Y,Y,,5,3.33
"2730 Stockton Blvd, LP",ISOM2730S32634,,ABV,8310015947823,N,,,,09/14/2026,ISOM,,,,,PROACTIVE,N,Y,Y,,5,3.33
2H PROPERTY 3060 LLC,ISOM2HPRO32235,,ABV,8310015799938,N,,,,09/14/2026,ISOM,,,,,PROACTIVE,N,Y,Y,,5,3.33
"2h Construction, Inc.",ISOM2hCon32438,,ABV,8310016379217,N,,,,09/14/2026,ISOM,,,,,PROACTIVE,N,Y,Y,,5,3.33
3000 S CRENSHAW BLVD,ISOM3000S32706,,ABV,8310015538594,N,,,,09/14/2026,ISOM,,,,,PROACTIVE,N,Y,Y,,5,3.33
"3053 Jk Investments, LLC",ISOM3053J31473,,ABV,8310016342242,N,,,,09/14/2026,ISOM,,,,,PROACTIVE,N,Y,Y,,5,3.33
3053 Jinkim Investments LLC,ISOM3053J32572,,ABV,8310016251255,N,,,,09/14/2026,ISOM,,,,,PROACTIVE,N,Y,Y,,5,3.33
310S SANIT ANDRW PL LLC,ISOM310SS31774,,ABV,8310016119183,N,,,,09/14/2026,ISOM,,,,,PROACTIVE,N,Y,Y,,5,3.33
310S SANIT ANDRW PL LLC,ISOM310SS31981,,ABV,8310016119212,N,,,,09/14/2026,ISOM,,,,,PROACTIVE,N,Y,Y,,5,3.33
"3180 Imperial Avenue, LLC",ISOM3180I32571,,ABV,8310016240777,N,,,,09/14/2026,ISOM,,,,,PROACTIVE,N,Y,Y,,5,3.33
3355 EDISON PARTNERS,ISOM3355E32815,,ABV,8310015922764,N,,,,09/14/2026,ISOM,,,,,PROACTIVE,N,Y,Y,,5,3.33
345 8th Street Owners Association,ISOM3458t31409,,ABV,8310016124907,N,,,,09/14/2026,ISOM,,,,,PROACTIVE,N,Y,Y,,5,3.33
3 HERMANOS MEAT MARKET,ISOM3HERM32110,,ABV,8310015517995,N,,,,09/14/2026,ISOM,,,,,PROACTIVE,N,Y,Y,,5,3.33
3RD & MAIN HOMEOWNERS ASSOC,ISOM3RDMA31812,,ABV,8310016162590,N,,,,09/14/2026,ISOM,,,,,PROACTIVE,N,Y,Y,,5,3.33
3RD & MAIN HOMEOWNERS ASSOC,ISOM3RDMA31947,,ABV,8310015712095,N,,,,09/14/2026,ISOM,,,,,PROACTIVE,N,Y,Y,,5,3.33
400 CASTRO INC,ISOM400CA32238,,ABV,8310015815566,N,,,,09/14/2026,ISOM,,,,,PROACTIVE,N,Y,Y,,5,3.33
415 BRYANT HOME ASSOCIATIION,ISOM415BR32215,,ABV,8310015764489,N,,,,09/14/2026,ISOM,,,,,PROACTIVE,N,Y,Y,,5,3.33
415 NATOMA OWNER LLC,ISOM415NA32341,,ABV,8310016266488,N,,,,09/14/2026,ISOM,,,,,PROACTIVE,N,Y,Y,,5,3.33
4180 Marlton Ave Apartments LLC,ISOM4180M32548,,ABV,8310016071015,N,,,,09/14/2026,ISOM,,,,,PROACTIVE,N,Y,Y,,5,3.33
4201 Dale Road LLC,ISOM4201D31850,,ABV,8310016196010,N,,,,09/14/2026,ISOM,,,,,PROACTIVE,N,Y,Y,,5,3.33
445 S CENTRAL LLC,ISOM445SC31180,,ABV,8310016101347,N,,,,09/14/2026,ISOM,,,,,PROACTIVE,N,Y,Y,,5,3.33
4sa3fire Apparatus Solutions,ISOM4sa3f32048,,ABV,8310015877259,N,,,,09/14/2026,ISOM,,,,,PROACTIVE,N,Y,Y,,5,3.33
500 KAWANA SPRING RD LP,ISOM500KA32758,,ABV,8310015624006,N,,,,09/14/2026,ISOM,,,,,PROACTIVE,N,N,Y,,5,3.33
5133 W Adams LA LLC,ISOM5133W31756,,ABV,8310016256520,N,,,,09/14/2026,ISOM,,,,,PROACTIVE,N,Y,Y,,5,3.33
515-521-525 GOUGH ST OWNERS,ISOM515-531293,,ABV,8310016350634,N,,,,09/14/2026,ISOM,,,,,PROACTIVE,N,Y,Y,,5,3.33
520 9 ST LLC,ISOM5209S31755,,ABV,8310016238048,N,,,,09/14/2026,ISOM,,,,,PROACTIVE,N,Y,Y,,5,3.33
5223 W Adams (LA) OZ LLC,ISOM5223W32837,,ABV,8310015613186,N,,,,09/14/2026,ISOM,,,,,PROACTIVE,N,Y,Y,,5,3.33
"5233 Monte Vista Street, LLC",ISOM5233M31799,,ABV,8310016135749,N,,,,09/14/2026,ISOM,,,,,PROACTIVE,N,Y,Y,,5,3.33
"5335 W. Adams (la), LLC",ISOM5335W32588,,ABV,8310016196039,N,,,,09/14/2026,ISOM,,,,,PROACTIVE,N,Y,Y,,5,3.33
"5419 SUNSET, LLC",ISOM5419S32306,,ABV,8310016086463,N,,,,09/14/2026,ISOM,,,,,PROACTIVE,N,Y,Y,,5,3.33
5616missionst LLC,ISOM5616m32809,,ABV,8310015917977,N,,,,09/14/2026,ISOM,,,,,PROACTIVE,N,Y,Y,,5,3.33
616 CROFT AVE LLC,ISOM616CR31372,,ABV,8310015689791,N,,,,09/14/2026,ISOM,,,,,PROACTIVE,N,Y,Y,,5,3.33
625 HUNTLEY HOA C%O TOM FLESCH RLTY,ISOM625HU31695,,ABV,8310015890518,N,,,,09/14/2026,ISOM,,,,,PROACTIVE,N,Y,Y,,5,3.33
639 Fairfax Avenue Tic I LLC,ISOM639Fa32450,,ABV,8310016347276,N,,,,09/14/2026,ISOM,,,,,PROACTIVE,N,Y,Y,,5,3.33
"657 Alma Street, LLC",ISOM657Al32229,,ABV,8310015846457,N,,,,09/14/2026,ISOM,,,,,PROACTIVE,N,Y,Y,,5,3.33
724 GROUP,ISOM724GR31860,,ABV,8310016216821,N,,,,09/14/2026,ISOM,,,,,PROACTIVE,N,Y,Y,,5,3.33
7555 MISSION HOA,ISOM7555M32154,,ABV,8310015580865,N,,,,09/14/2026,ISOM,,,,,PROACTIVE,N,Y,Y,,5,3.33
770 South Harbor Apartmen,ISOM770So32329,,ABV,8310016104861,N,,,,09/14/2026,ISOM,,,,,PROACTIVE,N,N,Y,,5,3.33
7800 CLUB MAINTENANCE ASSC,ISOM7800C32121,,ABV,8310015504460,N,,,,09/14/2026,ISOM,,,,,PROACTIVE,N,Y,Y,,5,3.33
8381 LA PALMA AVENUE LLC,ISOM8381L32239,,ABV,8310015805864,N,,,,09/14/2026,ISOM,,,,,PROACTIVE,N,Y,Y,,5,3.33
845 Page Mill LLC,ISOM845Pa32464,,ABV,8310016322369,N,,,,09/14/2026,ISOM,,,,,PROACTIVE,N,Y,Y,,5,3.33
8917 KERN ST INVESTORS LLC,ISOM8917K31187,,ABV,8310016065344,N,,,,09/14/2026,ISOM,,,,,PROACTIVE,N,Y,Y,,5,3.33
9210 Winnetka LLC,ISOM9210W31434,,ABV,8310015844067,N,,,,09/14/2026,ISOM,,,,,PROACTIVE,N,Y,Y,,5,3.33
94 IS THE 1 LLC-9401 CORBIN AVE-1,ISOM94IST31564,,ABV,8310015171104,N,,,,09/14/2026,ISOM,,,,,PROACTIVE,N,Y,Y,,5,3.33
94 IS THE 1 LLC-9401 CORBIN AVE-1,ISOM94IST32091,,ABV,8310015171123,N,,,,09/14/2026,ISOM,,,,,PROACTIVE,N,Y,Y,,5,3.33
9501 Santa Monica LLC,ISOM9501S32104,,ABV,8310015491964,N,,,,09/14/2026,ISOM,,,,,PROACTIVE,N,Y,Y,,5,3.33
950 TENNESSEE C O FIRST RESIDENTIAL,ISOM950TE32136,,ABV,8310015538697,N,,,,09/14/2026,ISOM,,,,,PROACTIVE,N,Y,Y,,5,3.33
"95 Linda Avenue, LLC-95 LINDA AVE-1",ISOM95Lin31568,,ABV,8310015340555,N,,,,09/14/2026,ISOM,,,,,PROACTIVE,N,Y,Y,,5,3.33
970 Dewing TIC,ISOM970De31857,,ABV,8310016235065,N,,,,09/14/2026,ISOM,,,,,PROACTIVE,N,Y,Y,,5,3.33
A. M. A. PLASTICS,ISOMA.M.A31961,,ABV,8310016190659,N,,,,09/14/2026,ISOM,,,,,PROACTIVE,N,Y,Y,,5,3.33
A. M. A. PLASTICS,ISOMA.M.A32342,,ABV,8310016089114,N,,,,09/14/2026,ISOM,,,,,PROACTIVE,N,Y,Y,,5,3.33
A.M.T.F. Corporation,ISOMA.M.T32177,,ABV,8310015604058,N,,,,09/14/2026,ISOM,,,,,PROACTIVE,N,Y,Y,,5,3.33
ABROSA REALTY LLC,ISOMABROS32368,,ABV,8310016126924,N,,,,09/14/2026,ISOM,,,,,PROACTIVE,N,Y,Y,,5,3.33
ABSOLUTE TURNKEY SVC,ISOMABSOL31382,,ABV,8310015851535,N,,,,09/14/2026,ISOM,,,,,PROACTIVE,N,Y,Y,,5,3.33
ABSOLUTE GRAPHIC,ISOMABSOL31425,,ABV,8310016188351,N,,,,09/14/2026,ISOM,,,,,PROACTIVE,N,Y,Y,,5,3.33
ACCESSTLC HEALTHCARE,ISOMACCES32632,,ABV,8310015970396,N,,,,09/14/2026,ISOM,,,,,PROACTIVE,N,Y,Y,,5,3.33
ACCRT HLTH ALLC INC,ISOMACCRT31677,,ABV,8310015854565,N,,,,09/14/2026,ISOM,,,,,PROACTIVE,N,Y,Y,,5,3.33
ADAMSON POLICE PRODUCTS,ISOMADAMS32799,,ABV,8310015801040,N,,,,09/14/2026,ISOM,,,,,PROACTIVE,N,Y,Y,,5,3.33
ADG Care Services Inc,ISOMADGCa32658,,ABV,8310016402861,N,,,,09/14/2026,ISOM,,,,,PROACTIVE,N,Y,Y,,5,3.33
ADIL JOJOU DBA,ISOMADILJ32773,,ABV,8310015775330,N,,,,09/14/2026,ISOM,,,,,PROACTIVE,N,Y,Y,,5,3.33
ADVANCE PAPER BOX CO,ISOMADVAN32754,,ABV,8310015720189,N,,,,09/14/2026,ISOM,,,,,PROACTIVE,N,Y,Y,,5,3.33
AERA TECHNOLOGY,ISOMAERAT31588,,ABV,8310015504800,N,,,,09/14/2026,ISOM,,,,,PROACTIVE,N,Y,Y,,5,3.33
AF GILMORE,ISOMAFGIL31253,,ABV,8310016174008,N,,,,09/14/2026,ISOM,,,,,PROACTIVE,N,Y,Y,,5,3.33
AF GILMORE,ISOMAFGIL31962,,ABV,8310016199394,N,,,,09/14/2026,ISOM,,,,,PROACTIVE,N,Y,Y,,5,3.33
AHM Santa Clarita,ISOMAHMSa32679,,ABV,8310015488515,N,,,,09/14/2026,ISOM,,,,,PROACTIVE,N,Y,Y,,5,3.33
AIC INVESTMENTS CORP,ISOMAICIN31242,,ABV,8310016268150,N,,,,09/14/2026,ISOM,,,,,PROACTIVE,N,Y,Y,,5,3.33
AIROS INC,ISOMAIROS32609,,ABV,8310016159442,N,,,,09/14/2026,ISOM,,,,,PROACTIVE,N,Y,Y,,5,3.33
A & J MALER,ISOMAJMAL32704,,ABV,8310015558934,N,,,,09/14/2026,ISOM,,,,,PROACTIVE,N,Y,Y,,5,3.33
AKEYSON ASSOCIATES,ISOMAKEYS32663,,ABV,8310016371326,N,,,,09/14/2026,ISOM,,,,,PROACTIVE,N,Y,Y,,5,3.33
AL AND GAVINA BALIGAD,ISOMALAND32234,,ABV,8310015802012,N,,,,09/14/2026,ISOM,,,,,PROACTIVE,N,Y,Y,,5,3.33
ALAN H YAMADA MD INC,ISOMALANH31520,,ABV,8310015968958,N,,,,09/14/2026,ISOM,,,,,PROACTIVE,N,Y,Y,,5,3.33
ALBERT & CHARLOTTE,ISOMALBER31052,,ABV,8310015626284,N,,,,09/14/2026,ISOM,,,,,PROACTIVE,N,Y,Y,,5,3.33
ALHAMBRA GARDEN,ISOMALHAM32796,,ABV,8310015828093,N,,,,09/14/2026,ISOM,,,,,PROACTIVE,N,Y,Y,,5,3.33
ALICANTE VILLAS HOA,ISOMALICA31647,,ABV,8310015727288,N,,,,09/14/2026,ISOM,,,,,PROACTIVE,N,Y,Y,,5,3.33
ALICE BESSMAN,ISOMALICE32569,,ABV,8310016264043,N,,,,09/14/2026,ISOM,,,,,PROACTIVE,N,Y,Y,,5,3.33
ALISSA LEE,ISOMALISS31072,,ABV,8310015726071,N,,,,09/14/2026,ISOM,,,,,PROACTIVE,N,Y,Y,,5,3.33
ALISSA LEE,ISOMALISS32183,,ABV,8310015726400,N,,,,09/14/2026,ISOM,,,,,PROACTIVE,N,Y,Y,,5,3.33
ALIZA SHAVY CO,ISOMALIZA31596,,ABV,8310015544585,N,,,,09/14/2026,ISOM,,,,,PROACTIVE,N,Y,Y,,5,3.33
ALL 4 HEALTH HEALTH 4 ALL,ISOMALL4H31751,,ABV,8310016067166,N,,,,09/14/2026,ISOM,,,,,PROACTIVE,N,Y,Y,,5,3.33
ALL CITY TRUCKING,ISOMALLCI32038,,ABV,8310016143667,N,,,,09/14/2026,ISOM,,,,,PROACTIVE,N,Y,Y,,5,3.33
ALL FOR HEALTH,ISOMALLFO31697,,ABV,8310015890863,N,,,,09/14/2026,ISOM,,,,,PROACTIVE,N,Y,Y,,5,3.33
ALLIED AUTO STORES,ISOMALLIE32297,,ABV,8310016028242,N,,,,09/14/2026,ISOM,,,,,PROACTIVE,N,Y,Y,,5,3.33
ALLOGENE THERAPEUTICS,ISOMALLOG32320,,ABV,8310016234446,N,,,,09/14/2026,ISOM,,,,,PROACTIVE,N,Y,Y,,5,3.33
"ALLOY SANTA FE, LLC",ISOMALLOY31134,,ABV,8310015892652,N,,,,09/14/2026,ISOM,,,,,PROACTIVE,N,Y,Y,,5,3.33
ALL SAINTS,ISOMALLSA32279,,ABV,8310015945941,N,,,,09/14/2026,ISOM,,,,,PROACTIVE,N,Y,Y,,5,3.33
ALMADEN PLAZA SHOPPING CTR,ISOMALMAD31414,,ABV,8310016153402,N,,,,09/14/2026,ISOM,,,,,PROACTIVE,N,Y,Y,,5,3.33
ALMADEN RANCH LLC,ISOMALMAD31837,,ABV,8310016346394,N,,,,09/14/2026,ISOM,,,,,PROACTIVE,N,Y,Y,,5,3.33
ALMADEN CHEVRON,ISOMALMAD32419,,ABV,8310016196216,N,,,,09/14/2026,ISOM,,,,,PROACTIVE,N,Y,Y,,5,3.33
ALON WESTHILLS LLC,ISOMALONW31616,,ABV,8310015664273,N,,,,09/14/2026,ISOM,,,,,PROACTIVE,N,Y,Y,,5,3.33
ALON WESTHILLS LLC,ISOMALONW32269,,ABV,8310015959621,N,,,,09/14/2026,ISOM,,,,,PROACTIVE,N,Y,Y,,5,3.33
ALPHA CHI SIGMA,ISOMALPHA32133,,ABV,8310015547367,N,,,,09/14/2026,ISOM,,,,,PROACTIVE,N,Y,Y,,5,3.33
ALPINE PLAZA PROPERTIES,ISOMALPIN31014,,ABV,8310015547470,N,,,,09/14/2026,ISOM,,,,,PROACTIVE,N,Y,Y,,5,3.33
A L Real Estate Holding Company LLC,ISOMALRea31192,,ABV,8310016079529,N,,,,09/14/2026,ISOM,,,,,PROACTIVE,N,Y,Y,,5,3.33
ALTA GARDENS HOMEOWNERS,ISOMALTAG32570,,ABV,8310016239552,N,,,,09/14/2026,ISOM,,,,,PROACTIVE,N,Y,Y,,5,3.33
AMBASSODOR FOUNDATION,ISOMAMBAS32084,,ABV,8310016385219,N,,,,09/14/2026,ISOM,,,,,PROACTIVE,N,Y,Y,,5,3.33
AMCAL INVESTMENTS FUND LP,ISOMAMCAL31064,,ABV,8310015734089,N,,,,09/14/2026,ISOM,,,,,PROACTIVE,N,Y,Y,,5,3.33
AMERICAN WOOD FIBERS,ISOMAMERI31868,,ABV,8310016345861,N,,,,09/14/2026,ISOM,,,,,PROACTIVE,N,Y,Y,,5,3.33
AMERICA CENTER I & II OWNER,ISOMAMERI31886,,ABV,8310015698634,N,,,,09/14/2026,ISOM,,,,,PROACTIVE,N,Y,Y,,5,3.33
AMERICAN HISTORICAL LITERARY SOCIETY,ISOMAMERI32018,,ABV,8310016376068,N,,,,09/14/2026,ISOM,,,,,PROACTIVE,N,Y,Y,,5,3.33
AMICI'S E C PIZZERIA,ISOMAMICI32170,,ABV,8310015627774,N,,,,09/14/2026,ISOM,,,,,PROACTIVE,N,Y,Y,,5,3.33
AMITY FOUNDTION,ISOMAMITY31459,,ABV,8310016239042,N,,,,09/14/2026,ISOM,,,,,PROACTIVE,N,Y,Y,,5,3.33
AMITY FOUNDTION,ISOMAMITY32428,,ABV,8310016239044,N,,,,09/14/2026,ISOM,,,,,PROACTIVE,N,Y,Y,,5,3.33
AMOS TEMPLE CHURCH INC,ISOMAMOST30987,,ABV,8310015446968,N,,,,09/14/2026,ISOM,,,,,PROACTIVE,N,Y,Y,,5,3.33
A & M PEAK JT LLC,ISOMAMPEA31679,,ABV,8310015846197,N,,,,09/14/2026,ISOM,,,,,PROACTIVE,N,Y,Y,,5,3.33
A & M PEAK JT LLC,ISOMAMPEA32250,,ABV,8310015892649,N,,,,09/14/2026,ISOM,,,,,PROACTIVE,N,Y,Y,,5,3.33
ANAGNOSTOU INVESTMENTS 1,ISOMANAGN32153,,ABV,8310015583016,N,,,,09/14/2026,ISOM,,,,,PROACTIVE,N,Y,Y,,5,3.33
ANAHEIM DESERT INN-1600 S HARBOR BLVD-5,ISOMANAHE32090,,ABV,8310015155602,N,,,,09/14/2026,ISOM,,,,,PROACTIVE,N,Y,Y,,5,3.33
"ANCHOR REALTY, INC.",ISOMANCHO32638,,ABV,8310016354394,N,,,,09/14/2026,ISOM,,,,,PROACTIVE,N,Y,Y,,5,3.33
AN DERINGER INC,ISOMANDER31541,,ABV,8310016372383,N,,,,09/14/2026,ISOM,,,,,PROACTIVE,N,Y,Y,,5,3.33
ANDREA WILLIAMS,ISOMANDRE31041,,ABV,8310015648696,N,,,,09/14/2026,ISOM,,,,,PROACTIVE,N,Y,Y,,5,3.33
ANESTHESIA & ANALGESIA,ISOMANEST31149,,ABV,8310015972466,N,,,,09/14/2026,ISOM,,,,,PROACTIVE,N,Y,Y,,5,3.33
ANGELUS TEMPLE HISPANIC,ISOMANGEL32325,,ABV,8310016233553,N,,,,09/14/2026,ISOM,,,,,PROACTIVE,N,Y,Y,,5,3.33
ANNETTE ROON,ISOMANNET31651,,ABV,8310015724604,N,,,,09/14/2026,ISOM,,,,,PROACTIVE,N,Y,Y,,5,3.33
ANTHONY WELDED PRODUCTS,ISOMANTHO31975,,ABV,8310016206838,N,,,,09/14/2026,ISOM,,,,,PROACTIVE,N,Y,Y,,5,3.33
ANTHONY and ALICE,ISOMANTHO32296,,ABV,8310016063295,N,,,,09/14/2026,ISOM,,,,,PROACTIVE,N,N,Y,,5,3.33
ANTIOCH PARKRIDGE HOA,ISOMANTIO32360,,ABV,8310016133336,N,,,,09/14/2026,ISOM,,,,,PROACTIVE,N,Y,Y,,5,3.33
"ANTYPAS & ASSOCIATES, INC",ISOMANTYP31214,,ABV,8310016116119,N,,,,09/14/2026,ISOM,,,,,PROACTIVE,N,Y,Y,,5,3.33
ANVIL STEEL,ISOMANVIL32053,,ABV,8310016220839,N,,,,09/14/2026,ISOM,,,,,PROACTIVE,N,Y,Y,,5,3.33
APERTO PROPERTY MANAGEMENT,ISOMAPERT32682,,ABV,8310015492489,N,,,,09/14/2026,ISOM,,,,,PROACTIVE,N,Y,Y,,5,3.33
ARDEN PARK VILLA INC,ISOMARDEN31069,,ABV,8310015735646,N,,,,09/14/2026,ISOM,,,,,PROACTIVE,N,N,Y,,5,3.33
ARLINGTON AVENUE CHURCH OF THE,ISOMARLIN31306,,ABV,8310016182448,N,,,,09/14/2026,ISOM,,,,,PROACTIVE,N,Y,Y,,5,3.33
ARLINGTON AVENUE CHURCH OF THE,ISOMARLIN32562,,ABV,8310016111097,N,,,,09/14/2026,ISOM,,,,,PROACTIVE,N,Y,Y,,5,3.33
ARMAN ZATIKYAN DBA,ISOMARMAN32316,,ABV,8310016219325,N,,,,09/14/2026,ISOM,,,,,PROACTIVE,N,Y,Y,,5,3.33
ARMEY FINANCIAL SERVICES,ISOMARMEY31993,,ABV,8310016138589,N,,,,09/14/2026,ISOM,,,,,PROACTIVE,N,Y,Y,,5,3.33
ARMSTRONG CNSTRCTN CO,ISOMARMST32640,,ABV,8310016376130,N,,,,09/14/2026,ISOM,,,,,PROACTIVE,N,Y,Y,,5,3.33
ARNAZ CROWN CONDO HOA,ISOMARNAZ31474,,ABV,8310016348624,N,,,,09/14/2026,ISOM,,,,,PROACTIVE,N,Y,Y,,5,3.33
ARRAY VISTA CANYON,ISOMARRAY31800,,ABV,8310016211338,N,,,,09/14/2026,ISOM,,,,,PROACTIVE,N,N,Y,,5,3.33
ARRAY VISTA CANYON,ISOMARRAY32557,,ABV,8310016211346,N,,,,09/14/2026,ISOM,,,,,PROACTIVE,N,Y,Y,,5,3.33
ARRAY VISTA CANYON,ISOMARRAY32636,,ABV,8310016211342,N,,,,09/14/2026,ISOM,,,,,PROACTIVE,N,Y,Y,,5,3.33
ARROYO CREEK OWNERS,ISOMARROY32130,,ABV,8310015563301,N,,,,09/14/2026,ISOM,,,,,PROACTIVE,N,Y,Y,,5,3.33
ARTISTIC SMILES DENTISTRY,ISOMARTIS31682,,ABV,8310015805136,N,,,,09/14/2026,ISOM,,,,,PROACTIVE,N,Y,Y,,5,3.33
ASIA BUFFETT,ISOMASIAB31547,,ABV,8310015708209,N,,,,09/14/2026,ISOM,,,,,PROACTIVE,N,Y,Y,,5,3.33
ATLAS VI JCP CARSON LLC,ISOMATLAS32513,,ABV,8310015689379,N,,,,09/14/2026,ISOM,,,,,PROACTIVE,N,Y,Y,,5,3.33
"ATRIA HEALTH, LLC",ISOMATRIA32446,,ABV,8310016357939,N,,,,09/14/2026,ISOM,,,,,PROACTIVE,N,Y,Y,,5,3.33
ATT MARK HALLER,ISOMATTMA32140,,ABV,8310015663760,N,,,,09/14/2026,ISOM,,,,,PROACTIVE,N,Y,Y,,5,3.33
AUTO-CHLOR,ISOMAUTO-31889,,ABV,8310016323485,N,,,,09/14/2026,ISOM,,,,,PROACTIVE,N,Y,Y,,5,3.33
AU ZONE INVESTMENTS,ISOMAUZON32146,,ABV,8310015663496,N,,,,09/14/2026,ISOM,,,,,PROACTIVE,N,Y,Y,,5,3.33
AVENUES SILICON VALLEY LLC,ISOMAVENU32176,,ABV,8310015594151,N,,,,09/14/2026,ISOM,,,,,PROACTIVE,N,Y,Y,,5,3.33
AVENUE OWNERS ASSOCITION,ISOMAVENU32415,,ABV,8310016200087,N,,,,09/14/2026,ISOM,,,,,PROACTIVE,N,Y,Y,,5,3.33
AVERAGE JOES SPORTS CARDS,ISOMAVERA31043,,ABV,8310015584277,N,,,,09/14/2026,ISOM,,,,,PROACTIVE,N,Y,Y,,5,3.33
AVILA VILLAGE 11 LLC,ISOMAVILA31841,,ABV,8310016189015,N,,,,09/14/2026,ISOM,,,,,PROACTIVE,N,Y,Y,,5,3.33
AVILA VILLAGE II LLC,ISOMAVILA32357,,ABV,8310016311800,N,,,,09/14/2026,ISOM,,,,,PROACTIVE,N,Y,Y,,5,3.33
AVRAHAM ZEIDMAN DBA,ISOMAVRAH32230,,ABV,8310015842577,N,,,,09/14/2026,ISOM,,,,,PROACTIVE,N,Y,Y,,5,3.33
A and S Management,ISOMAandS31984,,ABV,8310016257490,N,,,,09/14/2026,ISOM,,,,,PROACTIVE,N,Y,Y,,5,3.33
"Aasim Enterprises, Inc.",ISOMAasim31132,,ABV,8310015920533,N,,,,09/14/2026,ISOM,,,,,PROACTIVE,N,Y,Y,,5,3.33
"Able Sheet Metal, Inc.",ISOMAbleS31195,,ABV,8310016249277,N,,,,09/14/2026,ISOM,,,,,PROACTIVE,N,Y,Y,,5,3.33
Adagio On The Green,ISOMAdagi31576,,ABV,8310015496095,N,,,,09/14/2026,ISOM,,,,,PROACTIVE,N,Y,Y,,5,3.33
Adcock AI Inc,ISOMAdcoc31744,,ABV,8310015991864,N,,,,09/14/2026,ISOM,,,,,PROACTIVE,N,Y,Y,,5,3.33
Adeline Eberle Trust,ISOMAdeli31049,,ABV,8310015615063,N,,,,09/14/2026,ISOM,,,,,PROACTIVE,N,Y,Y,,5,3.33
Adeline Eberle Trust,ISOMAdeli31609,,ABV,8310015663617,N,,,,09/14/2026,ISOM,,,,,PROACTIVE,N,Y,Y,,5,3.33
Advanced Property Management,ISOMAdvan31657,,ABV,8310015709141,N,,,,09/14/2026,ISOM,,,,,PROACTIVE,N,Y,Y,,5,3.33
"Aether, Llc.",ISOMAethe31608,,ABV,8310015675518,N,,,,09/14/2026,ISOM,,,,,PROACTIVE,N,Y,Y,,5,3.33
Aether LLC,ISOMAethe32293,,ABV,8310016070402,N,,,,09/14/2026,ISOM,,,,,PROACTIVE,N,Y,Y,,5,3.33
African Supermarket & Restaurant Inc.,ISOMAfric31045,,ABV,8310015610019,N,,,,09/14/2026,ISOM,,,,,PROACTIVE,N,Y,Y,,5,3.33
Agapao Fellowship,ISOMAgapa31910,,ABV,8310015711721,N,,,,09/14/2026,ISOM,,,,,PROACTIVE,N,Y,Y,,5,3.33
Agua Hedionda Lagoon Foundation,ISOMAguaH31897,,ABV,8310016369512,N,,,,09/14/2026,ISOM,,,,,PROACTIVE,N,Y,Y,,5,3.33
Aimotive Inc,ISOMAimot32801,,ABV,8310015804896,N,,,,09/14/2026,ISOM,,,,,PROACTIVE,N,Y,Y,,5,3.33
Aircooler Corporation,ISOMAirco31413,,ABV,8310016125616,N,,,,09/14/2026,ISOM,,,,,PROACTIVE,N,Y,Y,,5,3.33
Alan Bogomilsky,ISOMAlanB31130,,ABV,8310015896881,N,,,,09/14/2026,ISOM,,,,,PROACTIVE,N,Y,Y,,5,3.33
Alan Bogomilsky,ISOMAlanB31707,,ABV,8310015875093,N,,,,09/14/2026,ISOM,,,,,PROACTIVE,N,Y,Y,,5,3.33
"Albee Appliances, Inc.",ISOMAlbee31437,,ABV,8310016228971,N,,,,09/14/2026,ISOM,,,,,PROACTIVE,N,Y,Y,,5,3.33
Alberto Virgen LLC,ISOMAlber32614,,ABV,8310016153240,N,,,,09/14/2026,ISOM,,,,,PROACTIVE,N,Y,Y,,5,3.33
"Alexandria Housing Partners, L.P.",ISOMAlexa32077,,ABV,8310016118493,N,,,,09/14/2026,ISOM,,,,,PROACTIVE,N,Y,Y,,5,3.33
Alfateen Village LLC,ISOMAlfat32607,,ABV,8310016167079,N,,,,09/14/2026,ISOM,,,,,PROACTIVE,N,Y,Y,,5,3.33
Ali Tazerouni Shah,ISOMAliTa32800,,ABV,8310015804021,N,,,,09/14/2026,ISOM,,,,,PROACTIVE,N,Y,Y,,5,3.33
Alibertos JR Mexican Food,ISOMAlibe32552,,ABV,8310015958118,N,,,,09/14/2026,ISOM,,,,,PROACTIVE,N,Y,Y,,5,3.33
Alignment Express of CA. Inc.,ISOMAlign31985,,ABV,8310016266372,N,,,,09/14/2026,ISOM,,,,,PROACTIVE,N,Y,Y,,5,3.33
"Allan Company, Inc.",ISOMAllan31246,,ABV,8310016172911,N,,,,09/14/2026,ISOM,,,,,PROACTIVE,N,N,Y,,5,3.33
"Alpha School 28269, LLC",ISOMAlpha31874,,ABV,8310016346772,N,,,,09/14/2026,ISOM,,,,,PROACTIVE,N,Y,Y,,5,3.33
Alpha Z Reit LLC,ISOMAlpha32394,,ABV,8310016314912,N,,,,09/14/2026,ISOM,,,,,PROACTIVE,N,Y,Y,,5,3.33
Alvarado Village LP,ISOMAlvar31311,,ABV,8310016187203,N,,,,09/14/2026,ISOM,,,,,PROACTIVE,N,Y,Y,,5,3.33
"Ameresco, Inc.",ISOMAmere31987,,ABV,8310016237505,N,,,,09/14/2026,ISOM,,,,,PROACTIVE,N,Y,Y,,5,3.33
Amidi Partners LLC,ISOMAmidi32423,,ABV,8310016236388,N,,,,09/14/2026,ISOM,,,,,PROACTIVE,N,Y,Y,,5,3.33
Anb Property Corp.,ISOMAnbPr31607,,ABV,8310015544379,N,,,,09/14/2026,ISOM,,,,,PROACTIVE,N,Y,Y,,5,3.33
Anthony Saint Training Program,ISOMAntho31683,,ABV,8310015805720,N,,,,09/14/2026,ISOM,,,,,PROACTIVE,N,Y,Y,,5,3.33
"Arnaudo Bros, Inc",ISOMArnau31512,,ABV,8310016210400,N,,,,09/14/2026,ISOM,,,,,PROACTIVE,N,Y,Y,,5,3.33
Arredondo Ventures Inc,ISOMArred31591,,ABV,8310015501142,N,,,,09/14/2026,ISOM,,,,,PROACTIVE,N,Y,Y,,5,3.33
Arrow Wood LLC,ISOMArrow31633,,ABV,8310015610566,N,,,,09/14/2026,ISOM,,,,,PROACTIVE,N,Y,Y,,5,3.33
Arroyo Parkway Self Storage,ISOMArroy31849,,ABV,8310016196623,N,,,,09/14/2026,ISOM,,,,,PROACTIVE,N,Y,Y,,5,3.33
Arroyo Parkway Self Storage,ISOMArroy32495,,ABV,8310015854979,N,,,,09/14/2026,ISOM,,,,,PROACTIVE,N,Y,Y,,5,3.33
"Aspen Medical Group, Inc.",ISOMAspen32389,,ABV,8310016312682,N,,,,09/14/2026,ISOM,,,,,PROACTIVE,N,Y,Y,,5,3.33
"Authorized Taxicab Supervision, Inc.",ISOMAutho31560,,ABV,8310016385279,N,,,,09/14/2026,ISOM,,,,,PROACTIVE,N,Y,Y,,5,3.33
"Avantec Manufacturing, Inc.",ISOMAvant31401,,ABV,8310016133064,N,,,,09/14/2026,ISOM,,,,,PROACTIVE,N,Y,Y,,5,3.33
"Avantec Manufacturing, Inc.",ISOMAvant31531,,ABV,8310016000450,N,,,,09/14/2026,ISOM,,,,,PROACTIVE,N,Y,Y,,5,3.33
Avenal Express Pharmacy LLC,ISOMAvena32390,,ABV,8310016318657,N,,,,09/14/2026,ISOM,,,,,PROACTIVE,N,Y,Y,,5,3.33
B-One Investment Inc.,ISOMB-One32291,,ABV,8310016087048,N,,,,09/14/2026,ISOM,,,,,PROACTIVE,N,Y,Y,,5,3.33
B. Raeen Construction Inc.,ISOMB.Rae32354,,ABV,8310016310760,N,,,,09/14/2026,ISOM,,,,,PROACTIVE,N,Y,Y,,5,3.33
BAKERSFIELD STUDIO 6,ISOMBAKER32612,,ABV,8310015799745,N,,,,09/14/2026,ISOM,,,,,PROACTIVE,N,Y,Y,,5,3.33
BALBOA PARK PUPPET GUILD,ISOMBALBO32076,,ABV,8310015695603,N,,,,09/14/2026,ISOM,,,,,PROACTIVE,N,Y,Y,,5,3.33
BARBARA RITTER,ISOMBARBA31127,,ABV,8310015920500,N,,,,09/14/2026,ISOM,,,,,PROACTIVE,N,Y,Y,,5,3.33
BAY 37 OWNERS ASSOCIATION,ISOMBAY3731639,,ABV,8310015618216,N,,,,09/14/2026,ISOM,,,,,PROACTIVE,N,Y,Y,,5,3.33
BAY 37 OWNERS ASSOCIATION,ISOMBAY3731641,,ABV,8310015618212,N,,,,09/14/2026,ISOM,,,,,PROACTIVE,N,Y,Y,,5,3.33
BAY 37 OWNERS ASSOCIATION,ISOMBAY3732164,,ABV,8310015618208,N,,,,09/14/2026,ISOM,,,,,PROACTIVE,N,Y,Y,,5,3.33
BAY PLUMBING SUPPLY &,ISOMBAYPL31681,,ABV,8310015802332,N,,,,09/14/2026,ISOM,,,,,PROACTIVE,N,Y,Y,,5,3.33
BAYWOODS HOA,ISOMBAYWO32043,,ABV,8310016213028,N,,,,09/14/2026,ISOM,,,,,PROACTIVE,N,Y,Y,,5,3.33
BDN COMMERCIAL,ISOMBDNCO32184,,ABV,8310015726415,N,,,,09/14/2026,ISOM,,,,,PROACTIVE,N,Y,Y,,5,3.33
BEALS MARTIN - 1289E HLSDL PTR,ISOMBEALS31216,,ABV,8310016101113,N,,,,09/14/2026,ISOM,,,,,PROACTIVE,N,Y,Y,,5,3.33
BEALS MARTIN - 1289E HLSDL PTR,ISOMBEALS32063,,ABV,8310016101098,N,,,,09/14/2026,ISOM,,,,,PROACTIVE,N,Y,Y,,5,3.33
BELLA VISTA HEALTH CENTER,ISOMBELLA31665,,ABV,8310015774273,N,,,,09/14/2026,ISOM,,,,,PROACTIVE,N,Y,Y,,5,3.33
BELLAVISTA HOA,ISOMBELLA32798,,ABV,8310015800830,N,,,,09/14/2026,ISOM,,,,,PROACTIVE,N,Y,Y,,5,3.33
BENCHMARK CAPITAL HOLDINGS,ISOMBENCH31094,,ABV,8310015790829,N,,,,09/14/2026,ISOM,,,,,PROACTIVE,N,Y,Y,,5,3.33
BERKSHIRE HATHAWAY HOMESERVICES HERITAGE,ISOMBERKS32472,,ABV,8310016373028,N,,,,09/14/2026,ISOM,,,,,PROACTIVE,N,Y,Y,,5,3.33
BEST AGRI-MARKETING INC,ISOMBESTA32475,,ABV,8310016271344,N,,,,09/14/2026,ISOM,,,,,PROACTIVE,N,Y,Y,,5,3.33
BEST GROCERY WHOLESALE,ISOMBESTG32205,,ABV,8310015677163,N,,,,09/14/2026,ISOM,,,,,PROACTIVE,N,Y,Y,,5,3.33
BEST SUPPLEMENT GUIDE LLC,ISOMBESTS31002,,ABV,8310015521931,N,,,,09/14/2026,ISOM,,,,,PROACTIVE,N,Y,Y,,5,3.33
BETTER CLEANING,ISOMBETTE31740,,ABV,8310016089030,N,,,,09/14/2026,ISOM,,,,,PROACTIVE,N,Y,Y,,5,3.33
BETTY'S FISH & CHIPS,ISOMBETTY31286,,ABV,8310016343773,N,,,,09/14/2026,ISOM,,,,,PROACTIVE,N,Y,Y,,5,3.33
BEVERLY HILLS CITY EMPLOYEES,ISOMBEVER31028,,ABV,8310015649298,N,,,,09/14/2026,ISOM,,,,,PROACTIVE,N,Y,Y,,5,3.33
BHOGAL BROTHERS CONSTRUCTION,ISOMBHOGA31563,,ABV,8310016422869,N,,,,09/14/2026,ISOM,,,,,PROACTIVE,N,Y,Y,,5,3.33
BIBAWI MANAGEMENT LLC,ISOMBIBAW31223,,ABV,8310016261431,N,,,,09/14/2026,ISOM,,,,,PROACTIVE,N,N,Y,,5,3.33
BIRCH HGTS CONDO ASSOC,ISOMBIRCH32313,,ABV,8310016241629,N,,,,09/14/2026,ISOM,,,,,PROACTIVE,N,Y,Y,,5,3.33
BIRMINGHAM BLDERS INC,ISOMBIRMI32454,,ABV,8310016352244,N,,,,09/14/2026,ISOM,,,,,PROACTIVE,N,Y,Y,,5,3.33
BISLA DEVELOPMENT,ISOMBISLA32047,,ABV,8310016189039,N,,,,09/14/2026,ISOM,,,,,PROACTIVE,N,Y,Y,,5,3.33
BIXBY UNIVERSITY STATION,ISOMBIXBY32370,,ABV,8310016128972,N,,,,09/14/2026,ISOM,,,,,PROACTIVE,N,Y,Y,,5,3.33
BIXBY UNIVERSITY STATION,ISOMBIXBY32474,,ABV,8310016270621,N,,,,09/14/2026,ISOM,,,,,PROACTIVE,N,Y,Y,,5,3.33
BLADE ENTERPRISES VIII MCDONALDS 11415,ISOMBLADE31016,,ABV,8310015551035,N,,,,09/14/2026,ISOM,,,,,PROACTIVE,N,Y,Y,,5,3.33
BLUSH SALON,ISOMBLUSH31551,,ABV,8310016406674,N,,,,09/14/2026,ISOM,,,,,PROACTIVE,N,Y,Y,,5,3.33
BMARK 2020 B16 1019 MARKET STREET LLC,ISOMBMARK31952,,ABV,8310016156336,N,,,,09/14/2026,ISOM,,,,,PROACTIVE,N,Y,Y,,5,3.33
BOLDEMANN-BLOMMER CHOCOLATE,ISOMBOLDE32453,,ABV,8310016374257,N,,,,09/14/2026,ISOM,,,,,PROACTIVE,N,Y,Y,,5,3.33
BORDEN MANUFACTURING INC,ISOMBORDE32058,,ABV,8310016301151,N,,,,09/14/2026,ISOM,,,,,PROACTIVE,N,Y,Y,,5,3.33
BORDEAUX HOA,ISOMBORDE32097,,ABV,8310015442798,N,,,,09/14/2026,ISOM,,,,,PROACTIVE,N,Y,Y,,5,3.33
BOULEVARD TOWNHOMES ASSOCIATON,ISOMBOULE30980,,ABV,8310015335850,N,,,,09/14/2026,ISOM,,,,,PROACTIVE,N,Y,Y,,5,3.33
BOULEVARD TOWNHOMES ASSOCIATON,ISOMBOULE30981,,ABV,8310015335874,N,,,,09/14/2026,ISOM,,,,,PROACTIVE,N,Y,Y,,5,3.33
BOULEVARD TOWNHOMES ASSOCIATON,ISOMBOULE30982,,ABV,8310015335876,N,,,,09/14/2026,ISOM,,,,,PROACTIVE,N,Y,Y,,5,3.33
BOULEVARD TOWNHOMES ASSOCIATON,ISOMBOULE30983,,ABV,8310015335878,N,,,,09/14/2026,ISOM,,,,,PROACTIVE,N,Y,Y,,5,3.33
BOULEVARD TOWNHOMES ASSOCIATON,ISOMBOULE30984,,ABV,8310015335870,N,,,,09/14/2026,ISOM,,,,,PROACTIVE,N,Y,Y,,5,3.33
BOULEVARD TOWNHOMES ASSOCIATON,ISOMBOULE31566,,ABV,8310015335882,N,,,,09/14/2026,ISOM,,,,,PROACTIVE,N,Y,Y,,5,3.33
BOULEVARD TOWNHOMES ASSOCIATON,ISOMBOULE31567,,ABV,8310015335854,N,,,,09/14/2026,ISOM,,,,,PROACTIVE,N,Y,Y,,5,3.33
BOULEVARD TOWNHOMES ASSOCIATON,ISOMBOULE32094,,ABV,8310015335852,N,,,,09/14/2026,ISOM,,,,,PROACTIVE,N,Y,Y,,5,3.33
BOULEVARD TOWNHOMES ASSOCIATON,ISOMBOULE32095,,ABV,8310015335868,N,,,,09/14/2026,ISOM,,,,,PROACTIVE,N,Y,Y,,5,3.33
BOUNPHENG DEPE,ISOMBOUNP31890,,ABV,8310016333945,N,,,,09/14/2026,ISOM,,,,,PROACTIVE,N,Y,Y,,5,3.33
BP3-SF6 1900 ADLP LLC,ISOMBP3-S31012,,ABV,8310015555509,N,,,,09/14/2026,ISOM,,,,,PROACTIVE,N,Y,Y,,5,3.33
BREAKERS CAFE,ISOMBREAK31247,,ABV,8310016156944,N,,,,09/14/2026,ISOM,,,,,PROACTIVE,N,Y,Y,,5,3.33
BRE WESTGATE PROPERTY OWNER,ISOMBREWE32059,,ABV,8310016372793,N,,,,09/14/2026,ISOM,,,,,PROACTIVE,N,Y,Y,,5,3.33
BRE West Gate Property Owner,ISOMBREWe32830,,ABV,8310015880632,N,,,,09/14/2026,ISOM,,,,,PROACTIVE,N,Y,Y,,5,3.33
BRE West Gate Property Owner,ISOMBREWe32831,,ABV,8310015880634,N,,,,09/14/2026,ISOM,,,,,PROACTIVE,N,Y,Y,,5,3.33
BRIDGE TO HOME,ISOMBRIDG31442,,ABV,8310016206809,N,,,,09/14/2026,ISOM,,,,,PROACTIVE,N,Y,Y,,5,3.33
"BROADWAY INVESTMENTS, INC",ISOMBROAD32257,,ABV,8310015860507,N,,,,09/14/2026,ISOM,,,,,PROACTIVE,N,Y,Y,,5,3.33
BROARDWALK 1810 LLC,ISOMBROAR31621,,ABV,8310015675365,N,,,,09/14/2026,ISOM,,,,,PROACTIVE,N,Y,Y,,5,3.33
BRYANT PLACE OF MT VIEW,ISOMBRYAN32518,,ABV,8310015702934,N,,,,09/14/2026,ISOM,,,,,PROACTIVE,N,Y,Y,,5,3.33
BUILD GROUP INC,ISOMBUILD32445,,ABV,8310016212720,N,,,,09/14/2026,ISOM,,,,,PROACTIVE,N,Y,Y,,5,3.33
"BUNGALOW KITCHEN SF, LLC",ISOMBUNGA32333,,ABV,8310016102763,N,,,,09/14/2026,ISOM,,,,,PROACTIVE,N,Y,Y,,5,3.33
BURLINGAME RETAIL OWNER INC,ISOMBURLI32484,,ABV,8310015753791,N,,,,09/14/2026,ISOM,,,,,PROACTIVE,N,Y,Y,,5,3.33
BURTON-HOLT CONDO,ISOMBURTO31502,,ABV,8310016155239,N,,,,09/14/2026,ISOM,,,,,PROACTIVE,N,Y,Y,,5,3.33
"Bakersfield University Office Center, L.P.",ISOMBaker32217,,ABV,8310015764965,N,,,,09/14/2026,ISOM,,,,,PROACTIVE,N,Y,Y,,5,3.33
Bakersfield Medical Office,ISOMBaker32466,,ABV,8310016306084,N,,,,09/14/2026,ISOM,,,,,PROACTIVE,N,Y,Y,,5,3.33
Barker Management,ISOMBarke31102,,ABV,8310015765857,N,,,,09/14/2026,ISOM,,,,,PROACTIVE,N,Y,Y,,5,3.33
"Barker Management, Incorporated",ISOMBarke31186,,ABV,8310016082299,N,,,,09/14/2026,ISOM,,,,,PROACTIVE,N,N,Y,,5,3.33
Barker Management,ISOMBarke31344,,ABV,8310016382374,N,,,,09/14/2026,ISOM,,,,,PROACTIVE,N,Y,Y,,5,3.33
Barker Management,ISOMBarke31905,,ABV,8310015763711,N,,,,09/14/2026,ISOM,,,,,PROACTIVE,N,Y,Y,,5,3.33
Barnes Custom Engines,ISOMBarne30991,,ABV,8310015492826,N,,,,09/14/2026,ISOM,,,,,PROACTIVE,N,Y,Y,,5,3.33
Baskets Unlimited Holding LLC,ISOMBaske31971,,ABV,8310015960010,N,,,,09/14/2026,ISOM,,,,,PROACTIVE,N,Y,Y,,5,3.33
Bayview Vineyards Corporation,ISOMBayvi31585,,ABV,8310015520892,N,,,,09/14/2026,ISOM,,,,,PROACTIVE,N,Y,Y,,5,3.33
Bayview Vineyards Corporation,ISOMBayvi32114,,ABV,8310015520894,N,,,,09/14/2026,ISOM,,,,,PROACTIVE,N,Y,Y,,5,3.33
"Beach Chalet Brewing Company, The Inc",ISOMBeach32771,,ABV,8310015782925,N,,,,09/14/2026,ISOM,,,,,PROACTIVE,N,Y,Y,,5,3.33
Bear Country Pre-School,ISOMBearC32228,,ABV,8310015859339,N,,,,09/14/2026,ISOM,,,,,PROACTIVE,N,Y,Y,,5,3.33
Bear River Casino,ISOMBearR32200,,ABV,8310015689529,N,,,,09/14/2026,ISOM,,,,,PROACTIVE,N,Y,Y,,5,3.33
Bear River Band of Rohnerville Rancheria,ISOMBearR32717,,ABV,8310015663993,N,,,,09/14/2026,ISOM,,,,,PROACTIVE,N,Y,Y,,5,3.33
Ben & Aliza Aliav,ISOMBenAl32401,,ABV,8310016339928,N,,,,09/14/2026,ISOM,,,,,PROACTIVE,N,Y,Y,,5,3.33
Berean Baptist Church of Rhonert Park,ISOMBerea32776,,ABV,8310015783233,N,,,,09/14/2026,ISOM,,,,,PROACTIVE,N,Y,Y,,5,3.33
Berger Enterprises,ISOMBerge31539,,ABV,8310015966736,N,,,,09/14/2026,ISOM,,,,,PROACTIVE,N,Y,Y,,5,3.33
Berkeley Town House,ISOMBerke32503,,ABV,8310015945396,N,,,,09/14/2026,ISOM,,,,,PROACTIVE,N,Y,Y,,5,3.33
Besame Cosmetics LLC,ISOMBesam32546,,ABV,8310015842812,N,,,,09/14/2026,ISOM,,,,,PROACTIVE,N,Y,Y,,5,3.33
"Best-Way Marble & Tile Co., Inc.",ISOMBest-31453,,ABV,8310016102100,N,,,,09/14/2026,ISOM,,,,,PROACTIVE,N,Y,Y,,5,3.33
"Bethel Unspeakable Joy Christian Fellowship Church, Inc.",ISOMBethe31656,,ABV,8310015712402,N,,,,09/14/2026,ISOM,,,,,PROACTIVE,N,Y,Y,,5,3.33
"Bethel Unspeakable Joy Christian Fellowship Church, Inc.",ISOMBethe32746,,ABV,8310015604317,N,,,,09/14/2026,ISOM,,,,,PROACTIVE,N,Y,Y,,5,3.33
"Bethlehem Towers, Inc.",ISOMBethl31911,,ABV,8310016339276,N,,,,09/14/2026,ISOM,,,,,PROACTIVE,N,Y,Y,,5,3.33
"Bethlehem Towers, Inc.",ISOMBethl32251,,ABV,8310015883062,N,,,,09/14/2026,ISOM,,,,,PROACTIVE,N,Y,Y,,5,3.33
"Bexco Enterprises, Inc.",ISOMBexco32738,,ABV,8310015625842,N,,,,09/14/2026,ISOM,,,,,PROACTIVE,N,Y,Y,,5,3.33
Big River Drilling Inc,ISOMBigRi31482,,ABV,8310016192236,N,,,,09/14/2026,ISOM,,,,,PROACTIVE,N,Y,Y,,5,3.33
Big Valley AG Services,ISOMBigVa31788,,ABV,8310016300895,N,,,,09/14/2026,ISOM,,,,,PROACTIVE,N,Y,Y,,5,3.33
Birchwood Association,ISOMBirch31078,,ABV,8310015704716,N,,,,09/14/2026,ISOM,,,,,PROACTIVE,N,Y,Y,,5,3.33
Birchwood Association,ISOMBirch32138,,ABV,8310015538422,N,,,,09/14/2026,ISOM,,,,,PROACTIVE,N,Y,Y,,5,3.33
Birch Otay Ranch LLC,ISOMBirch32544,,ABV,8310016181959,N,,,,09/14/2026,ISOM,,,,,PROACTIVE,N,Y,Y,,5,3.33
Bk Pharmacy Corp.,ISOMBkPha31077,,ABV,8310015680585,N,,,,09/14/2026,ISOM,,,,,PROACTIVE,N,Y,Y,,5,3.33
Blusv II CA 4542 Dunham Street LP,ISOMBlusv32182,,ABV,8310015726382,N,,,,09/14/2026,ISOM,,,,,PROACTIVE,N,Y,Y,,5,3.33
Bobby Shemirani DDS Ms,ISOMBobby32735,,ABV,8310015575581,N,,,,09/14/2026,ISOM,,,,,PROACTIVE,N,Y,Y,,5,3.33
Bosilika Design Inc.,ISOMBosil31444,,ABV,8310015901322,N,,,,09/14/2026,ISOM,,,,,PROACTIVE,N,Y,Y,,5,3.33
"Boyd Special Commodities, Inc.",ISOMBoydS31034,,ABV,8310015638728,N,,,,09/14/2026,ISOM,,,,,PROACTIVE,N,Y,Y,,5,3.33
"Bragg Investment Company, Inc.",ISOMBragg32399,,ABV,8310016347113,N,,,,09/14/2026,ISOM,,,,,PROACTIVE,N,Y,Y,,5,3.33
Bran3 LLC,ISOMBran332785,,ABV,8310015837636,N,,,,09/14/2026,ISOM,,,,,PROACTIVE,N,Y,Y,,5,3.33
Breeze1 Commercial Holdings LLC,ISOMBreez32407,,ABV,8310016342344,N,,,,09/14/2026,ISOM,,,,,PROACTIVE,N,Y,Y,,5,3.33
"Briarwood, Inc.",ISOMBriar32639,,ABV,8310016337655,N,,,,09/14/2026,ISOM,,,,,PROACTIVE,N,Y,Y,,5,3.33
"Broadway Federal Bank, F.S.b",ISOMBroad31416,,ABV,8310016154408,N,,,,09/14/2026,ISOM,,,,,PROACTIVE,N,Y,Y,,5,3.33
Broadcom Corporation,ISOMBroad31920,,ABV,8310015850591,N,,,,09/14/2026,ISOM,,,,,PROACTIVE,N,Y,Y,,5,3.33
"Brosamer & Wall, Inc.",ISOMBrosa31159,,ABV,8310015964816,N,,,,09/14/2026,ISOM,,,,,PROACTIVE,N,Y,Y,,5,3.33
"Brosamer & Wall, Inc.",ISOMBrosa32266,,ABV,8310015964811,N,,,,09/14/2026,ISOM,,,,,PROACTIVE,N,Y,Y,,5,3.33
Buena Capri Investors,ISOMBuena31177,,ABV,8310016095996,N,,,,09/14/2026,ISOM,,,,,PROACTIVE,N,Y,Y,,5,3.33
Buena Park Church of Christ,ISOMBuena31878,,ABV,8310016373064,N,,,,09/14/2026,ISOM,,,,,PROACTIVE,N,Y,Y,,5,3.33
Buena Capri Investors,ISOMBuena32283,,ABV,8310016090167,N,,,,09/14/2026,ISOM,,,,,PROACTIVE,N,Y,Y,,5,3.33
By Design Custom Tailors,ISOMByDes31767,,ABV,8310016226901,N,,,,09/14/2026,ISOM,,,,,PROACTIVE,N,Y,Y,,5,3.33
C5 CHILDRENS SCHOOL,ISOMC5CHI31942,,ABV,8310016129645,N,,,,09/14/2026,ISOM,,,,,PROACTIVE,N,Y,Y,,5,3.33
CADMAN GROUP,ISOMCADMA31142,,ABV,8310015875612,N,,,,09/14/2026,ISOM,,,,,PROACTIVE,N,Y,Y,,5,3.33
CADMAN GROUP,ISOMCADMA32375,,ABV,8310016159414,N,,,,09/14/2026,ISOM,,,,,PROACTIVE,N,Y,Y,,5,3.33
CAL-WASTE RECOVERY SYST,ISOMCAL-W32662,,ABV,8310016382518,N,,,,09/14/2026,ISOM,,,,,PROACTIVE,N,Y,Y,,5,3.33
CAL AMERICAN INC DBA,ISOMCALAM31290,,ABV,8310016200061,N,,,,09/14/2026,ISOM,,,,,PROACTIVE,N,N,Y,,5,3.33
CALBEE AMERICA,ISOMCALBE32219,,ABV,8310015740210,N,,,,09/14/2026,ISOM,,,,,PROACTIVE,N,Y,Y,,5,3.33
CAL GARDEN HOME ASSOCIATION,ISOMCALGA31452,,ABV,8310016116257,N,,,,09/14/2026,ISOM,,,,,PROACTIVE,N,Y,Y,,5,3.33
CALIFORNIA DRYWALL,ISOMCALIF31015,,ABV,8310015547027,N,,,,09/14/2026,ISOM,,,,,PROACTIVE,N,Y,Y,,5,3.33
CALIFORNIA SIERRA EXPRESS,ISOMCALIF31110,,ABV,8310015807688,N,,,,09/14/2026,ISOM,,,,,PROACTIVE,N,Y,Y,,5,3.33
CALIFORNIA CUSTOM TEES,ISOMCALIF31371,,ABV,8310015680629,N,,,,09/14/2026,ISOM,,,,,PROACTIVE,N,Y,Y,,5,3.33
CALIFORNIA FRIENDS HOMES,ISOMCALIF32340,,ABV,8310016226733,N,,,,09/14/2026,ISOM,,,,,PROACTIVE,N,N,Y,,5,3.33
CALIFORNIA NORTHPOINTE,ISOMCALIF32433,,ABV,8310016230598,N,,,,09/14/2026,ISOM,,,,,PROACTIVE,N,Y,Y,,5,3.33
CALO COSTA MESA LLC,ISOMCALOC31671,,ABV,8310015742002,N,,,,09/14/2026,ISOM,,,,,PROACTIVE,N,Y,Y,,5,3.33
CALVARY CHAPEL,ISOMCALVA31239,,ABV,8310016267550,N,,,,09/14/2026,ISOM,,,,,PROACTIVE,N,Y,Y,,5,3.33
CALVARY CHRISTIAN CENTER INC,ISOMCALVA32132,,ABV,8310015547285,N,,,,09/14/2026,ISOM,,,,,PROACTIVE,N,Y,Y,,5,3.33
CAMERON'S RESTAURANT & INN,ISOMCAMER32567,,ABV,8310016105522,N,,,,09/14/2026,ISOM,,,,,PROACTIVE,N,Y,Y,,5,3.33
CANFIELD MANAGEMENT,ISOMCANFI31188,,ABV,8310016005073,N,,,,09/14/2026,ISOM,,,,,PROACTIVE,N,Y,Y,,5,3.33
CANTARA VILLAGE HOA,ISOMCANTA31659,,ABV,8310015607166,N,,,,09/14/2026,ISOM,,,,,PROACTIVE,N,Y,Y,,5,3.33
CANTON RESTAURANT,ISOMCANTO31224,,ABV,8310016266395,N,,,,09/14/2026,ISOM,,,,,PROACTIVE,N,Y,Y,,5,3.33
CARAVAN INGREDIENTS INC,ISOMCARAV31789,,ABV,8310016221371,N,,,,09/14/2026,ISOM,,,,,PROACTIVE,N,Y,Y,,5,3.33
CARL OUTZEN 1280,ISOMCARLO31165,,ABV,8310015933066,N,,,,09/14/2026,ISOM,,,,,PROACTIVE,N,Y,Y,,5,3.33
CARMEL HIGHLANDS SERVICE INC,ISOMCARME31615,,ABV,8310015668779,N,,,,09/14/2026,ISOM,,,,,PROACTIVE,N,Y,Y,,5,3.33
CAROLE INC,ISOMCAROL32305,,ABV,8310016065092,N,,,,09/14/2026,ISOM,,,,,PROACTIVE,N,Y,Y,,5,3.33
CARSON CONDO HOA,ISOMCARSO32247,,ABV,8310015901514,N,,,,09/14/2026,ISOM,,,,,PROACTIVE,N,Y,Y,,5,3.33
CASABLANCA HOME OWNERS,ISOMCASAB32647,,ABV,8310016358293,N,,,,09/14/2026,ISOM,,,,,PROACTIVE,N,Y,Y,,5,3.33
CASPA,ISOMCASPA32656,,ABV,8310016394168,N,,,,09/14/2026,ISOM,,,,,PROACTIVE,N,Y,Y,,5,3.33
CCI INC,ISOMCCIIN31291,,ABV,8310016339154,N,,,,09/14/2026,ISOM,,,,,PROACTIVE,N,Y,Y,,5,3.33
CEDAR TCE HOA,ISOMCEDAR32512,,ABV,8310016134231,N,,,,09/14/2026,ISOM,,,,,PROACTIVE,N,Y,Y,,5,3.33
CELADON BRIDGE HOUSING,ISOMCELAD31411,,ABV,8310016122535,N,,,,09/14/2026,ISOM,,,,,PROACTIVE,N,Y,Y,,5,3.33
CENTER PLAZA SR LLC,ISOMCENTE30988,,ABV,8310015472952,N,,,,09/14/2026,ISOM,,,,,PROACTIVE,N,Y,Y,,5,3.33
CENTER FOR ELDERS INDEPENDENCE,ISOMCENTE31336,,ABV,8310016303028,N,,,,09/14/2026,ISOM,,,,,PROACTIVE,N,Y,Y,,5,3.33
CENTER FOR ELDERS INDEPENDENCE,ISOMCENTE32709,,ABV,8310015534709,N,,,,09/14/2026,ISOM,,,,,PROACTIVE,N,Y,Y,,5,3.33
CENTRAL USA EXPRESS INC,ISOMCENTR32012,,ABV,8310016123911,N,,,,09/14/2026,ISOM,,,,,PROACTIVE,N,Y,Y,,5,3.33
CENTRE PLACE NORTH ELEVATOR,ISOMCENTR32101,,ABV,8310015472965,N,,,,09/14/2026,ISOM,,,,,PROACTIVE,N,Y,Y,,5,3.33
CENTRAL VALLEY AUTOHAUS,ISOMCENTR32631,,ABV,8310016190767,N,,,,09/14/2026,ISOM,,,,,PROACTIVE,N,Y,Y,,5,3.33
CFRS REALTY HOLDING CORP.,ISOMCFRSR32192,,ABV,8310015734660,N,,,,09/14/2026,ISOM,,,,,PROACTIVE,N,Y,Y,,5,3.33
CGM KATELLA LLC,ISOMCGMKA32729,,ABV,8310015612980,N,,,,09/14/2026,ISOM,,,,,PROACTIVE,N,Y,Y,,5,3.33
CHAMBERS LANDING HOME,ISOMCHAMB31853,,ABV,8310016227113,N,,,,09/14/2026,ISOM,,,,,PROACTIVE,N,Y,Y,,5,3.33
CHANCE R UNRUSH DC,ISOMCHANC31732,,ABV,8310015942330,N,,,,09/14/2026,ISOM,,,,,PROACTIVE,N,Y,Y,,5,3.33
CHATEAU MONTEREY HOA,ISOMCHATE32812,,ABV,8310015884177,N,,,,09/14/2026,ISOM,,,,,PROACTIVE,N,Y,Y,,5,3.33
C & H CONSTRUCTION,ISOMCHCON31018,,ABV,8310015537785,N,,,,09/14/2026,ISOM,,,,,PROACTIVE,N,Y,Y,,5,3.33
CHEF MERITO INC,ISOMCHEFM31035,,ABV,8310015570394,N,,,,09/14/2026,ISOM,,,,,PROACTIVE,N,Y,Y,,5,3.33
CHINA AIRLINES LTD,ISOMCHINA32115,,ABV,8310015521074,N,,,,09/14/2026,ISOM,,,,,PROACTIVE,N,Y,Y,,5,3.33
CHISPA,ISOMCHISP31173,,ABV,8310016097751,N,,,,09/14/2026,ISOM,,,,,PROACTIVE,N,Y,Y,,5,3.33
CHONG HING JEWELERS,ISOMCHONG31936,,ABV,8310015740105,N,,,,09/14/2026,ISOM,,,,,PROACTIVE,N,Y,Y,,5,3.33
CHRIS WOIDA,ISOMCHRIS31185,,ABV,8310016040165,N,,,,09/14/2026,ISOM,,,,,PROACTIVE,N,Y,Y,,5,3.33
CHRISTOPHER COLLECTIONS HOA,ISOMCHRIS31752,,ABV,8310016065479,N,,,,09/14/2026,ISOM,,,,,PROACTIVE,N,Y,Y,,5,3.33
CHRSTN VLLY PARKS CSD,ISOMCHRST31729,,ABV,8310015941779,N,,,,09/14/2026,ISOM,,,,,PROACTIVE,N,Y,Y,,5,3.33
CIARI PLUMBING AND HEATING INC,ISOMCIARI32255,,ABV,8310015871639,N,,,,09/14/2026,ISOM,,,,,PROACTIVE,N,Y,Y,,5,3.33
CIM GROUP PM-1800 WHITLEY,ISOMCIMGR31093,,ABV,8310015786603,N,,,,09/14/2026,ISOM,,,,,PROACTIVE,N,Y,Y,,5,3.33
CIM GROUP,ISOMCIMGR31268,,ABV,8310016312650,N,,,,09/14/2026,ISOM,,,,,PROACTIVE,N,Y,Y,,5,3.33
CINDA AND TOM HICKS,ISOMCINDA31193,,ABV,8310016086467,N,,,,09/14/2026,ISOM,,,,,PROACTIVE,N,Y,Y,,5,3.33
CINDERELLA PROPERTIES LLC,ISOMCINDE31861,,ABV,8310016358536,N,,,,09/14/2026,ISOM,,,,,PROACTIVE,N,Y,Y,,5,3.33
CIP Real Estate LLC,ISOMCIPRe32694,,ABV,8310015506440,N,,,,09/14/2026,ISOM,,,,,PROACTIVE,N,Y,Y,,5,3.33
CITY CENTER PLAZA CONDOMINIUM OWNERS CORPORATION,ISOMCITYC31327,,ABV,8310016359504,N,,,,09/14/2026,ISOM,,,,,PROACTIVE,N,Y,Y,,5,3.33
CITY OF GRASS VALLEY,ISOMCITYO32036,,ABV,8310016171432,N,,,,09/14/2026,ISOM,,,,,PROACTIVE,N,Y,Y,,5,3.33
CJ AMERICA DAY SPA CORP-2270 HONOLULU AVE-1,ISOMCJAME32088,,ABV,8310015744770,N,,,,09/14/2026,ISOM,,,,,PROACTIVE,N,Y,Y,,5,3.33
CJMBS,ISOMCJMBS31228,,ABV,8310016231065,N,,,,09/14/2026,ISOM,,,,,PROACTIVE,N,Y,Y,,5,3.33
CLAREMONT MEADOWS INC,ISOMCLARE32439,,ABV,8310016206991,N,,,,09/14/2026,ISOM,,,,,PROACTIVE,N,Y,Y,,5,3.33
CLIPPER-CORPORATION,ISOMCLIPP32726,,ABV,8310015581234,N,,,,09/14/2026,ISOM,,,,,PROACTIVE,N,Y,Y,,5,3.33
CLOVER STORNETTA FRMS,ISOMCLOVE32371,,ABV,8310016164967,N,,,,09/14/2026,ISOM,,,,,PROACTIVE,N,Y,Y,,5,3.33
CLPF JEFFERSON CAMPUS LO,ISOMCLPFJ31317,,ABV,8310016237897,N,,,,09/14/2026,ISOM,,,,,PROACTIVE,N,Y,Y,,5,3.33
CLYDE COURNALE,ISOMCLYDE32617,,ABV,8310015844170,N,,,,09/14/2026,ISOM,,,,,PROACTIVE,N,Y,Y,,5,3.33
COASTAL PROPERTIES OF,ISOMCOAST31586,,ABV,8310015521009,N,,,,09/14/2026,ISOM,,,,,PROACTIVE,N,Y,Y,,5,3.33
COLLEGE STUDENT INS SERVC,ISOMCOLLE31927,,ABV,8310015964566,N,,,,09/14/2026,ISOM,,,,,PROACTIVE,N,Y,Y,,5,3.33
COLTON COMMERCIAL & PARTNERS,ISOMCOLTO31360,,ABV,8310016359518,N,,,,09/14/2026,ISOM,,,,,PROACTIVE,N,Y,Y,,5,3.33
COMBUSTION ASSOCIATES INC,ISOMCOMBU31668,,ABV,8310015751737,N,,,,09/14/2026,ISOM,,,,,PROACTIVE,N,Y,Y,,5,3.33
COMBUSTION ASSOCIATES INC,ISOMCOMBU32226,,ABV,8310015755236,N,,,,09/14/2026,ISOM,,,,,PROACTIVE,N,Y,Y,,5,3.33
COMMUNITY VISION OPTOMETRICS CENTERS,ISOMCOMMU32082,,ABV,8310016384709,N,,,,09/14/2026,ISOM,,,,,PROACTIVE,N,Y,Y,,5,3.33
COMMUNITY ASSC RIVERMARK,ISOMCOMMU32626,,ABV,8310016199924,N,,,,09/14/2026,ISOM,,,,,PROACTIVE,N,Y,Y,,5,3.33
CONESYS,ISOMCONES31423,,ABV,8310016145245,N,,,,09/14/2026,ISOM,,,,,PROACTIVE,N,Y,Y,,5,3.33
CONESYS,ISOMCONES31863,,ABV,8310016375977,N,,,,09/14/2026,ISOM,,,,,PROACTIVE,N,N,Y,,5,3.33
CONESYS,ISOMCONES32351,,ABV,8310016299189,N,,,,09/14/2026,ISOM,,,,,PROACTIVE,N,N,Y,,5,3.33
CONNIE MIMURA,ISOMCONNI32477,,ABV,8310016371077,N,,,,09/14/2026,ISOM,,,,,PROACTIVE,N,Y,Y,,5,3.33
CONTRA COSTA IND PARK,ISOMCONTR32505,,ABV,8310015947791,N,,,,09/14/2026,ISOM,,,,,PROACTIVE,N,Y,Y,,5,3.33
CONTRA COSTA IND PARK,ISOMCONTR32545,,ABV,8310015873279,N,,,,09/14/2026,ISOM,,,,,PROACTIVE,N,Y,Y,,5,3.33
CONTRA COSTA IND PARK,ISOMCONTR32618,,ABV,8310015873273,N,,,,09/14/2026,ISOM,,,,,PROACTIVE,N,Y,Y,,5,3.33
CONTRA COSTA IND PARK,ISOMCONTR32821,,ABV,8310015873555,N,,,,09/14/2026,ISOM,,,,,PROACTIVE,N,Y,Y,,5,3.33
CONTRA COSTA IND PARK,ISOMCONTR32822,,ABV,8310015873638,N,,,,09/14/2026,ISOM,,,,,PROACTIVE,N,Y,Y,,5,3.33
COOKE NANCY E ATTORNEY AT LAW,ISOMCOOKE31285,,ABV,8310016338014,N,,,,09/14/2026,ISOM,,,,,PROACTIVE,N,Y,Y,,5,3.33
COPELLA SQUARE LP,ISOMCOPEL31374,,ABV,8310015693105,N,,,,09/14/2026,ISOM,,,,,PROACTIVE,N,Y,Y,,5,3.33
CORBIN PAC INC,ISOMCORBI32309,,ABV,8310016233869,N,,,,09/14/2026,ISOM,,,,,PROACTIVE,N,Y,Y,,5,3.33
CORDOVA STREET PROPERTY LLC,ISOMCORDO31342,,ABV,8310016362926,N,,,,09/14/2026,ISOM,,,,,PROACTIVE,N,Y,Y,,5,3.33
CORDOVA STREET PROPERTY LLC,ISOMCORDO31875,,ABV,8310016356927,N,,,,09/14/2026,ISOM,,,,,PROACTIVE,N,Y,Y,,5,3.33
CORINNE PILLING,ISOMCORIN31436,,ABV,8310016070949,N,,,,09/14/2026,ISOM,,,,,PROACTIVE,N,Y,Y,,5,3.33
CORNERSTONE MAIN PARTNERS,ISOMCORNE31479,,ABV,8310016190615,N,,,,09/14/2026,ISOM,,,,,PROACTIVE,N,Y,Y,,5,3.33
CORNICHE COMMUNICATIONS CORP,ISOMCORNI31573,,ABV,8310015492501,N,,,,09/14/2026,ISOM,,,,,PROACTIVE,N,Y,Y,,5,3.33
CORONA AUTO CENTER,ISOMCORON31392,,ABV,8310015919650,N,,,,09/14/2026,ISOM,,,,,PROACTIVE,N,Y,Y,,5,3.33
CORONA VISTA MONTEREY APTS LLC,ISOMCORON32302,,ABV,8310016005046,N,,,,09/14/2026,ISOM,,,,,PROACTIVE,N,Y,Y,,5,3.33
CORTE VILLA,ISOMCORTE32225,,ABV,8310015760090,N,,,,09/14/2026,ISOM,,,,,PROACTIVE,N,Y,Y,,5,3.33
CORTINA APARTMENTS,ISOMCORTI31389,,ABV,8310015955576,N,,,,09/14/2026,ISOM,,,,,PROACTIVE,N,Y,Y,,5,3.33
C & O SHOPPING CENTER,ISOMCOSHO32483,,ABV,8310015737085,N,,,,09/14/2026,ISOM,,,,,PROACTIVE,N,Y,Y,,5,3.33
"COURTHOUSE SQUARE VENTURES, LL",ISOMCOURT32740,,ABV,8310015633636,N,,,,09/14/2026,ISOM,,,,,PROACTIVE,N,Y,Y,,5,3.33
CRAIG INOUYE DBA,ISOMCRAIG32652,,ABV,8310015712559,N,,,,09/14/2026,ISOM,,,,,PROACTIVE,N,Y,Y,,5,3.33
CRCI-1,ISOMCRCI-32817,,ABV,8310015923623,N,,,,09/14/2026,ISOM,,,,,PROACTIVE,N,Y,Y,,5,3.33
CRENSHAW BLVD LLC,ISOMCRENS32014,,ABV,8310016125219,N,,,,09/14/2026,ISOM,,,,,PROACTIVE,N,Y,Y,,5,3.33
CREPEVINE,ISOMCREPE31133,,ABV,8310015923778,N,,,,09/14/2026,ISOM,,,,,PROACTIVE,N,Y,Y,,5,3.33
"CRPVP Montclair Village Owner, LLC",ISOMCRPVP31027,,ABV,8310015649282,N,,,,09/14/2026,ISOM,,,,,PROACTIVE,N,Y,Y,,5,3.33
"CRPVP Montclair Village Owner, LLC",ISOMCRPVP31114,,ABV,8310015800028,N,,,,09/14/2026,ISOM,,,,,PROACTIVE,N,Y,Y,,5,3.33
"CRPVP Montclair Village Owner, LLC",ISOMCRPVP32795,,ABV,8310015802350,N,,,,09/14/2026,ISOM,,,,,PROACTIVE,N,Y,Y,,5,3.33
CS HOA,ISOMCSHOA31171,,ABV,8310016090190,N,,,,09/14/2026,ISOM,,,,,PROACTIVE,N,Y,Y,,5,3.33
CS HOA,ISOMCSHOA32062,,ABV,8310016040235,N,,,,09/14/2026,ISOM,,,,,PROACTIVE,N,Y,Y,,5,3.33
CULBERT INSTALLS DOORS INC,ISOMCULBE32009,,ABV,8310016328393,N,,,,09/14/2026,ISOM,,,,,PROACTIVE,N,Y,Y,,5,3.33
CUPERTINO SAFE STORAGE,ISOMCUPER32288,,ABV,8310016099893,N,,,,09/14/2026,ISOM,,,,,PROACTIVE,N,Y,Y,,5,3.33
CURBLINE PROPERTIES LP,ISOMCURBL31688,,ABV,8310015826907,N,,,,09/14/2026,ISOM,,,,,PROACTIVE,N,Y,Y,,5,3.33
"Cal-Weld, Inc.",ISOMCal-W31269,,ABV,8310016140587,N,,,,09/14/2026,ISOM,,,,,PROACTIVE,N,Y,Y,,5,3.33
California Capital Mortgage,ISOMCalif31939,,ABV,8310016133016,N,,,,09/14/2026,ISOM,,,,,PROACTIVE,N,Y,Y,,5,3.33
California Auto Recycling Inc.,ISOMCalif32137,,ABV,8310015538283,N,,,,09/14/2026,ISOM,,,,,PROACTIVE,N,Y,Y,,5,3.33
Caltric Inc.,ISOMCaltr32699,,ABV,8310015552032,N,,,,09/14/2026,ISOM,,,,,PROACTIVE,N,Y,Y,,5,3.33
Calvary Presbyterian Church In America,ISOMCalva32537,,ABV,8310015884478,N,,,,09/14/2026,ISOM,,,,,PROACTIVE,N,Y,Y,,5,3.33
Canary Equities LLC,ISOMCanar32578,,ABV,8310016267753,N,,,,09/14/2026,ISOM,,,,,PROACTIVE,N,Y,Y,,5,3.33
Cancer Support Community,ISOMCance32711,,ABV,8310015535548,N,,,,09/14/2026,ISOM,,,,,PROACTIVE,N,Y,Y,,5,3.33
C and M Chu Family Trust,ISOMCandM31542,,ABV,8310016375221,N,,,,09/14/2026,ISOM,,,,,PROACTIVE,N,Y,Y,,5,3.33
Cardea Health LLC,ISOMCarde32396,,ABV,8310016138767,N,,,,09/14/2026,ISOM,,,,,PROACTIVE,N,Y,Y,,5,3.33
Cardiff Chevron,ISOMCardi31485,,ABV,8310016125628,N,,,,09/14/2026,ISOM,,,,,PROACTIVE,N,Y,Y,,5,3.33
Carmel Towers Homeowners,ISOMCarme32431,,ABV,8310016242551,N,,,,09/14/2026,ISOM,,,,,PROACTIVE,N,Y,Y,,5,3.33
Carson Unocal,ISOMCarso32072,,ABV,8310016111808,N,,,,09/14/2026,ISOM,,,,,PROACTIVE,N,Y,Y,,5,3.33
Casa Delrey Mobile Park,ISOMCasaD31448,,ABV,8310016220871,N,,,,09/14/2026,ISOM,,,,,PROACTIVE,N,Y,Y,,5,3.33
Cascade Theatre,ISOMCasca31345,,ABV,8310016249418,N,,,,09/14/2026,ISOM,,,,,PROACTIVE,N,Y,Y,,5,3.33
Celsius,ISOMCelsi31388,,ABV,8310015951241,N,,,,09/14/2026,ISOM,,,,,PROACTIVE,N,Y,Y,,5,3.33
Centro Palabra De Fe Church,ISOMCentr31854,,ABV,8310016244121,N,,,,09/14/2026,ISOM,,,,,PROACTIVE,N,Y,Y,,5,3.33
Century 21 Realty Masters,ISOMCentu31809,,ABV,8310016180422,N,,,,09/14/2026,ISOM,,,,,PROACTIVE,N,Y,Y,,5,3.33
"Chase, Inc.",ISOMChase31914,,ABV,8310016342092,N,,,,09/14/2026,ISOM,,,,,PROACTIVE,N,Y,Y,,5,3.33
Cherry Creek Veterinary Hospital,ISOMCherr31601,,ABV,8310015544514,N,,,,09/14/2026,ISOM,,,,,PROACTIVE,N,Y,Y,,5,3.33
Chevy Chase Apartments,ISOMChevy31204,,ABV,8310016071035,N,,,,09/14/2026,ISOM,,,,,PROACTIVE,N,Y,Y,,5,3.33
"Children's Village, LLC",ISOMChild32144,,ABV,8310015663439,N,,,,09/14/2026,ISOM,,,,,PROACTIVE,N,Y,Y,,5,3.33
China Soul For Christ Foundation,ISOMChina31489,,ABV,8310016124719,N,,,,09/14/2026,ISOM,,,,,PROACTIVE,N,Y,Y,,5,3.33
Chinese Garden,ISOMChine31320,,ABV,8310016225141,N,,,,09/14/2026,ISOM,,,,,PROACTIVE,N,Y,Y,,5,3.33
Chopstix Express Lousiana Fried Chicken,ISOMChops31540,,ABV,8310016355529,N,,,,09/14/2026,ISOM,,,,,PROACTIVE,N,Y,Y,,5,3.33
Christian Assembly,ISOMChris31896,,ABV,8310016367131,N,,,,09/14/2026,ISOM,,,,,PROACTIVE,N,Y,Y,,5,3.33
"Christopher C. Ninh Md, Inc",ISOMChris32774,,ABV,8310015792171,N,,,,09/14/2026,ISOM,,,,,PROACTIVE,N,Y,Y,,5,3.33
Cielo Development Inc.,ISOMCielo31526,,ABV,8310016220733,N,,,,09/14/2026,ISOM,,,,,PROACTIVE,N,Y,Y,,5,3.33
Citrus Court LLC,ISOMCitru31500,,ABV,8310016135354,N,,,,09/14/2026,ISOM,,,,,PROACTIVE,N,Y,Y,,5,3.33
City of Dana Point,ISOMCityo31396,,ABV,8310016135192,N,,,,09/14/2026,ISOM,,,,,PROACTIVE,N,Y,Y,,5,3.33
"Civita Brynn, LLC",ISOMCivit32506,,ABV,8310015917893,N,,,,09/14/2026,ISOM,,,,,PROACTIVE,N,Y,Y,,5,3.33
Clark & Heath,ISOMClark31496,,ABV,8310015733076,N,,,,09/14/2026,ISOM,,,,,PROACTIVE,N,Y,Y,,5,3.33
"Cmw Valencia Properties II, LLC",ISOMCmwVa31865,,ABV,8310016361833,N,,,,09/14/2026,ISOM,,,,,PROACTIVE,N,Y,Y,,5,3.33
Cocina Divina Cantina LLC,ISOMCocin31490,,ABV,8310016263577,N,,,,09/14/2026,ISOM,,,,,PROACTIVE,N,Y,Y,,5,3.33
Community Forward SF,ISOMCommu32123,,ABV,8310015501838,N,,,,09/14/2026,ISOM,,,,,PROACTIVE,N,Y,Y,,5,3.33
Community Forward SF,ISOMCommu32145,,ABV,8310015663464,N,,,,09/14/2026,ISOM,,,,,PROACTIVE,N,Y,Y,,5,3.33
Comprehensive Health Care Services LLC,ISOMCompr32559,,ABV,8310015916428,N,,,,09/14/2026,ISOM,,,,,PROACTIVE,N,Y,Y,,5,3.33
Connect Church Silicon Valley,ISOMConne32113,,ABV,8310015510359,N,,,,09/14/2026,ISOM,,,,,PROACTIVE,N,Y,Y,,5,3.33
Coprage Devlmy Crp,ISOMCopra32331,,ABV,8310015934246,N,,,,09/14/2026,ISOM,,,,,PROACTIVE,N,Y,Y,,5,3.33
"Cornerstone Christian School, Inc.",ISOMCorne31663,,ABV,8310015778495,N,,,,09/14/2026,ISOM,,,,,PROACTIVE,N,Y,Y,,5,3.33
Cornerstone Christian Center of The Assemblies of God,ISOMCorne31723,,ABV,8310015948027,N,,,,09/14/2026,ISOM,,,,,PROACTIVE,N,Y,Y,,5,3.33
Coronado Triangle LLC,ISOMCoron32157,,ABV,8310015581036,N,,,,09/14/2026,ISOM,,,,,PROACTIVE,N,Y,Y,,5,3.33
Corporate Ewaste Solutions,ISOMCorpo31046,,ABV,8310015611277,N,,,,09/14/2026,ISOM,,,,,PROACTIVE,N,Y,Y,,5,3.33
Courtyard Terrace,ISOMCourt31143,,ABV,8310015868656,N,,,,09/14/2026,ISOM,,,,,PROACTIVE,N,Y,Y,,5,3.33
Crem Management,ISOMCremM31324,,ABV,8310016221883,N,,,,09/14/2026,ISOM,,,,,PROACTIVE,N,Y,Y,,5,3.33
Crem Management,ISOMCremM32541,,ABV,8310016194566,N,,,,09/14/2026,ISOM,,,,,PROACTIVE,N,Y,Y,,5,3.33
Crestmont School Parent-Teacher Club,ISOMCrest32206,,ABV,8310015799132,N,,,,09/14/2026,ISOM,,,,,PROACTIVE,N,Y,Y,,5,3.33
Cruz Party Rentals,ISOMCruzP32108,,ABV,8310015508753,N,,,,09/14/2026,ISOM,,,,,PROACTIVE,N,Y,Y,,5,3.33
Culbertson & Associates,ISOMCulbe32218,,ABV,8310015774791,N,,,,09/14/2026,ISOM,,,,,PROACTIVE,N,Y,Y,,5,3.33
"Cwwy, LLC","ISOMCwwy,31276",,ABV,8310016144512,N,,,,09/14/2026,ISOM,,,,,PROACTIVE,N,Y,Y,,5,3.33
"Cwwy, LLC","ISOMCwwy,31958",,ABV,8310016145383,N,,,,09/14/2026,ISOM,,,,,PROACTIVE,N,Y,Y,,5,3.33
"D7 ROOFING SERVICES, INC.",ISOMD7ROO32304,,ABV,8310016065226,N,,,,09/14/2026,ISOM,,,,,PROACTIVE,N,Y,Y,,5,3.33
DAIRY INDUSTRY INC.,ISOMDAIRY32432,,ABV,8310016242904,N,,,,09/14/2026,ISOM,,,,,PROACTIVE,N,Y,Y,,5,3.33
DAIV RICK RICK ENTERPRISES,ISOMDAIVR31037,,ABV,8310015569812,N,,,,09/14/2026,ISOM,,,,,PROACTIVE,N,Y,Y,,5,3.33
DALE KREINKAMP,ISOMDALEK32539,,ABV,8310016191938,N,,,,09/14/2026,ISOM,,,,,PROACTIVE,N,Y,Y,,5,3.33
DAMIAN SUAREZ,ISOMDAMIA31838,,ABV,8310016343453,N,,,,09/14/2026,ISOM,,,,,PROACTIVE,N,Y,Y,,5,3.33
DANIEL FEUERSTEIN,ISOMDANIE31152,,ABV,8310015962202,N,,,,09/14/2026,ISOM,,,,,PROACTIVE,N,Y,Y,,5,3.33
"DANIEL FIVEY ET,AL",ISOMDANIE31638,,ABV,8310015620095,N,,,,09/14/2026,ISOM,,,,,PROACTIVE,N,Y,Y,,5,3.33
DANIEL MARTINEZ DBA,ISOMDANIE32020,,ABV,8310015770324,N,,,,09/14/2026,ISOM,,,,,PROACTIVE,N,Y,Y,,5,3.33
DANIEL WEITZMAN LLC,ISOMDANIE32600,,ABV,8310016227218,N,,,,09/14/2026,ISOM,,,,,PROACTIVE,N,Y,Y,,5,3.33
DANIOTH JONES AND ASSOC,ISOMDANIO32173,,ABV,8310015633353,N,,,,09/14/2026,ISOM,,,,,PROACTIVE,N,Y,Y,,5,3.33
DAVID LOWY,ISOMDAVID31062,,ABV,8310015590930,N,,,,09/14/2026,ISOM,,,,,PROACTIVE,N,Y,Y,,5,3.33
DAVID E DAVIDIAN JR,ISOMDAVID31529,,ABV,8310016271098,N,,,,09/14/2026,ISOM,,,,,PROACTIVE,N,Y,Y,,5,3.33
DAVID BARNES COMPANY,ISOMDAVID31864,,ABV,8310016207068,N,,,,09/14/2026,ISOM,,,,,PROACTIVE,N,Y,Y,,5,3.33
DBA CHURCH OF SAN JOSE,ISOMDBACH31637,,ABV,8310015626238,N,,,,09/14/2026,ISOM,,,,,PROACTIVE,N,Y,Y,,5,3.33
DCM87 INC,ISOMDCM8731994,,ABV,8310016312232,N,,,,09/14/2026,ISOM,,,,,PROACTIVE,N,Y,Y,,5,3.33
DEBBIE MARQUEZ,ISOMDEBBI32278,,ABV,8310015940865,N,,,,09/14/2026,ISOM,,,,,PROACTIVE,N,Y,Y,,5,3.33
DECRON PROPERTIES,ISOMDECRO32659,,ABV,8310016399490,N,,,,09/14/2026,ISOM,,,,,PROACTIVE,N,Y,Y,,5,3.33
DENIS BROTHERS CONSTRUCTION,ISOMDENIS31338,,ABV,8310016373052,N,,,,09/14/2026,ISOM,,,,,PROACTIVE,N,Y,Y,,5,3.33
DIAMOND SOFA,ISOMDIAMO32111,,ABV,8310015508780,N,,,,09/14/2026,ISOM,,,,,PROACTIVE,N,Y,Y,,5,3.33
DIFFERENT TREND INC,ISOMDIFFE32174,,ABV,8310015605649,N,,,,09/14/2026,ISOM,,,,,PROACTIVE,N,Y,Y,,5,3.33
DIFFERENT TREND INC,ISOMDIFFE32641,,ABV,8310016041800,N,,,,09/14/2026,ISOM,,,,,PROACTIVE,N,Y,Y,,5,3.33
DISCOVERY BAY MARINA,ISOMDISCO31632,,ABV,8310015609962,N,,,,09/14/2026,ISOM,,,,,PROACTIVE,N,Y,Y,,5,3.33
DISC SURGERY CENTER,ISOMDISCS31909,,ABV,8310015679555,N,,,,09/14/2026,ISOM,,,,,PROACTIVE,N,Y,Y,,5,3.33
DISTRICT SOUTH,ISOMDISTR31559,,ABV,8310016441985,N,,,,09/14/2026,ISOM,,,,,PROACTIVE,N,Y,Y,,5,3.33
D & L INC,ISOMDLINC32672,,ABV,8310015258846,N,,,,09/14/2026,ISOM,,,,,PROACTIVE,N,Y,Y,,5,3.33
DOCTOR BOGARD CHANG OPTOMETRY,ISOMDOCTO31403,,ABV,8310016129687,N,,,,09/14/2026,ISOM,,,,,PROACTIVE,N,Y,Y,,5,3.33
DOHENY VIDOVICH,ISOMDOHEN31362,,ABV,8310016275629,N,,,,09/14/2026,ISOM,,,,,PROACTIVE,N,Y,Y,,5,3.33
DONALD PARKER TRUST,ISOMDONAL32139,,ABV,8310015660363,N,,,,09/14/2026,ISOM,,,,,PROACTIVE,N,Y,Y,,5,3.33
DONALD JAMISON,ISOMDONAL32761,,ABV,8310015730052,N,,,,09/14/2026,ISOM,,,,,PROACTIVE,N,Y,Y,,5,3.33
DOREEN BOYLES,ISOMDOREE32163,,ABV,8310015605767,N,,,,09/14/2026,ISOM,,,,,PROACTIVE,N,Y,Y,,5,3.33
DOUGLAS E WOODS,ISOMDOUGL31252,,ABV,8310016167031,N,,,,09/14/2026,ISOM,,,,,PROACTIVE,N,Y,Y,,5,3.33
DOVER MANAGEMENT CORP,ISOMDOVER32363,,ABV,8310016133579,N,,,,09/14/2026,ISOM,,,,,PROACTIVE,N,Y,Y,,5,3.33
"DPRE BAYROCK I, LLC",ISOMDPREB32635,,ABV,8310015961956,N,,,,09/14/2026,ISOM,,,,,PROACTIVE,N,Y,Y,,5,3.33
DR ANNIE SHU,ISOMDRANN32134,,ABV,8310015564493,N,,,,09/14/2026,ISOM,,,,,PROACTIVE,N,Y,Y,,5,3.33
DR ROBERT F COLLINS,ISOMDRROB31979,,ABV,8310016114014,N,,,,09/14/2026,ISOM,,,,,PROACTIVE,N,Y,Y,,5,3.33
DRY CREEK CROSSING,ISOMDRYCR31522,,ABV,8310016223053,N,,,,09/14/2026,ISOM,,,,,PROACTIVE,N,Y,Y,,5,3.33
DSMT Company,ISOMDSMTC32350,,ABV,8310016283018,N,,,,09/14/2026,ISOM,,,,,PROACTIVE,N,Y,Y,,5,3.33
DUDUM DEVELOPMENT,ISOMDUDUM32422,,ABV,8310016196680,N,,,,09/14/2026,ISOM,,,,,PROACTIVE,N,Y,Y,,5,3.33
DUNE CO OF IMPERIAL,ISOMDUNEC32687,,ABV,8310015508788,N,,,,09/14/2026,ISOM,,,,,PROACTIVE,N,Y,Y,,5,3.33
DUTTON MOTOR COMPANY,ISOMDUTTO31397,,ABV,8310016135804,N,,,,09/14/2026,ISOM,,,,,PROACTIVE,N,Y,Y,,5,3.33
DV METRO LP,ISOMDVMET31717,,ABV,8310015804208,N,,,,09/14/2026,ISOM,,,,,PROACTIVE,N,Y,Y,,5,3.33
DXLABS INC,ISOMDXLAB32843,,ABV,8310015966126,N,,,,09/14/2026,ISOM,,,,,PROACTIVE,N,Y,Y,,5,3.33
Dag Capital LLC,ISOMDagCa32384,,ABV,8310016316990,N,,,,09/14/2026,ISOM,,,,,PROACTIVE,N,Y,Y,,5,3.33
"Dakota Brothers, Inc.",ISOMDakot31721,,ABV,8310015957628,N,,,,09/14/2026,ISOM,,,,,PROACTIVE,N,Y,Y,,5,3.33
"Dakota Brothers, Inc.",ISOMDakot32362,,ABV,8310016130224,N,,,,09/14/2026,ISOM,,,,,PROACTIVE,N,Y,Y,,5,3.33
De Wet Chiropractic,ISOMDeWet32627,,ABV,8310016182797,N,,,,09/14/2026,ISOM,,,,,PROACTIVE,N,Y,Y,,5,3.33
"Del Monte Aviation, LLC",ISOMDelMo31240,,ABV,8310016135889,N,,,,09/14/2026,ISOM,,,,,PROACTIVE,N,Y,Y,,5,3.33
Dennis Schwan,ISOMDenni31125,,ABV,8310015883493,N,,,,09/14/2026,ISOM,,,,,PROACTIVE,N,Y,Y,,5,3.33
Dependable Plumbing,ISOMDepen31893,,ABV,8310016307441,N,,,,09/14/2026,ISOM,,,,,PROACTIVE,N,Y,Y,,5,3.33
Derose Appelbaum,ISOMDeros32037,,ABV,8310015783289,N,,,,09/14/2026,ISOM,,,,,PROACTIVE,N,Y,Y,,5,3.33
Diablo Ranches Estates Homeowners Association,ISOMDiabl31667,,ABV,8310015751387,N,,,,09/14/2026,ISOM,,,,,PROACTIVE,N,Y,Y,,5,3.33
Diablo Ranches Estates Homeowners Association,ISOMDiabl32386,,ABV,8310016139674,N,,,,09/14/2026,ISOM,,,,,PROACTIVE,N,Y,Y,,5,3.33
"Diamond Capital Group, LP",ISOMDiamo31232,,ABV,8310016305281,N,,,,09/14/2026,ISOM,,,,,PROACTIVE,N,Y,Y,,5,3.33
"Digital Lafayette, LLC",ISOMDigit31385,,ABV,8310015803932,N,,,,09/14/2026,ISOM,,,,,PROACTIVE,N,Y,Y,,5,3.33
Dna Twopointo Inc.,ISOMDnaTw32335,,ABV,8310016111178,N,,,,09/14/2026,ISOM,,,,,PROACTIVE,N,Y,Y,,5,3.33
Dollinger Palomar Oaks LLC,ISOMDolli31777,,ABV,8310016110329,N,,,,09/14/2026,ISOM,,,,,PROACTIVE,N,Y,Y,,5,3.33
Dominus Estate Corporation,ISOMDomin31726,,ABV,8310015951315,N,,,,09/14/2026,ISOM,,,,,PROACTIVE,N,Y,Y,,5,3.33
Donald Tornberg,ISOMDonal31781,,ABV,8310016265918,N,,,,09/14/2026,ISOM,,,,,PROACTIVE,N,Y,Y,,5,3.33
Dooman Kim,ISOMDooma32057,,ABV,8310016312736,N,,,,09/14/2026,ISOM,,,,,PROACTIVE,N,Y,Y,,5,3.33
Dopa Nails & Spa,ISOMDopaN31957,,ABV,8310015779071,N,,,,09/14/2026,ISOM,,,,,PROACTIVE,N,Y,Y,,5,3.33
Double Y LLC,ISOMDoubl31118,,ABV,8310015812055,N,,,,09/14/2026,ISOM,,,,,PROACTIVE,N,Y,Y,,5,3.33
Douglas Erenberg Sp Trust,ISOMDougl31902,,ABV,8310015756914,N,,,,09/14/2026,ISOM,,,,,PROACTIVE,N,Y,Y,,5,3.33
Downtown Dental,ISOMDownt32015,,ABV,8310016210639,N,,,,09/14/2026,ISOM,,,,,PROACTIVE,N,Y,Y,,5,3.33
Draper Fisher Jurvetson Fund Ix Partners LP,ISOMDrape31160,,ABV,8310015964892,N,,,,09/14/2026,ISOM,,,,,PROACTIVE,N,Y,Y,,5,3.33
Draper Fisher Jurvetson Fund Ix Partners LP,ISOMDrape32151,,ABV,8310015582916,N,,,,09/14/2026,ISOM,,,,,PROACTIVE,N,Y,Y,,5,3.33
Drbg LLC,ISOMDrbgL31183,,ABV,8310016087989,N,,,,09/14/2026,ISOM,,,,,PROACTIVE,N,Y,Y,,5,3.33
Drbg LLC,ISOMDrbgL31184,,ABV,8310016088246,N,,,,09/14/2026,ISOM,,,,,PROACTIVE,N,Y,Y,,5,3.33
"Drs Hospitality, LLC",ISOMDrsHo31272,,ABV,8310016140851,N,,,,09/14/2026,ISOM,,,,,PROACTIVE,N,Y,Y,,5,3.33
"Dunsmuir Apartments, LLC",ISOMDunsm32509,,ABV,8310015896889,N,,,,09/14/2026,ISOM,,,,,PROACTIVE,N,Y,Y,,5,3.33
"Dynasty Coachwork International, Inc.",ISOMDynas31845,,ABV,8310016182653,N,,,,09/14/2026,ISOM,,,,,PROACTIVE,N,N,Y,,5,3.33
EAGLE EMPOWERMENT INC.,ISOMEAGLE32212,,ABV,8310015792799,N,,,,09/14/2026,ISOM,,,,,PROACTIVE,N,Y,Y,,5,3.33
EAGLE FABRIC-1114 E WALNUT ST-1,ISOMEAGLE32667,,ABV,8310015201762,N,,,,09/14/2026,ISOM,,,,,PROACTIVE,N,Y,Y,,5,3.33
EAH Housing 1041 N Martel WH,ISOMEAHHo31440,,ABV,8310016217198,N,,,,09/14/2026,ISOM,,,,,PROACTIVE,N,Y,Y,,5,3.33
EAH Housing 1041 N Martel WH,ISOMEAHHo32595,,ABV,8310016211289,N,,,,09/14/2026,ISOM,,,,,PROACTIVE,N,Y,Y,,5,3.33
EARLHAM HOA,ISOMEARLH32592,,ABV,8310016130985,N,,,,09/14/2026,ISOM,,,,,PROACTIVE,N,Y,Y,,5,3.33
EARL K POWERS CONSTRUCTION,ISOMEARLK32625,,ABV,8310016199498,N,,,,09/14/2026,ISOM,,,,,PROACTIVE,N,Y,Y,,5,3.33
EAST COOLEY THREE LLC,ISOMEASTC31222,,ABV,8310016266221,N,,,,09/14/2026,ISOM,,,,,PROACTIVE,N,Y,Y,,5,3.33
EASTLAKE COMMERCIAL 2007 LLC,ISOMEASTL32665,,ABV,8310016408653,N,,,,09/14/2026,ISOM,,,,,PROACTIVE,N,Y,Y,,5,3.33
EBBY KOHAN,ISOMEBBYK32741,,ABV,8310015634466,N,,,,09/14/2026,ISOM,,,,,PROACTIVE,N,Y,Y,,5,3.33
EC 101 CHESTNUT LLC,ISOMEC10131710,,ABV,8310015881405,N,,,,09/14/2026,ISOM,,,,,PROACTIVE,N,Y,Y,,5,3.33
EDDIE LA,ISOMEDDIE31042,,ABV,8310015579005,N,,,,09/14/2026,ISOM,,,,,PROACTIVE,N,Y,Y,,5,3.33
EDGEWOOD CENTER FOR,ISOMEDGEW31305,,ABV,8310016191593,N,,,,09/14/2026,ISOM,,,,,PROACTIVE,N,Y,Y,,5,3.33
EDGEWATE COVE HOA,ISOMEDGEW32487,,ABV,8310015689573,N,,,,09/14/2026,ISOM,,,,,PROACTIVE,N,Y,Y,,5,3.33
EDGR RICE BURROUGHS INC,ISOMEDGRR31176,,ABV,8310016099970,N,,,,09/14/2026,ISOM,,,,,PROACTIVE,N,Y,Y,,5,3.33
E&G MANAGEMENT,ISOMEGMAN31624,,ABV,8310015647706,N,,,,09/14/2026,ISOM,,,,,PROACTIVE,N,Y,Y,,5,3.33
ELBO STUDIOS,ISOMELBOS31024,,ABV,8310015661147,N,,,,09/14/2026,ISOM,,,,,PROACTIVE,N,Y,Y,,5,3.33
EL CAMINO HEALTH,ISOMELCAM31113,,ABV,8310015827846,N,,,,09/14/2026,ISOM,,,,,PROACTIVE,N,Y,Y,,5,3.33
EL CAMINO HEALTH,ISOMELCAM32508,,ABV,8310015920198,N,,,,09/14/2026,ISOM,,,,,PROACTIVE,N,Y,Y,,5,3.33
EL CAMINO HEALTH,ISOMELCAM32842,,ABV,8310015970946,N,,,,09/14/2026,ISOM,,,,,PROACTIVE,N,Y,Y,,5,3.33
ELCO LIGHTING,ISOMELCOL31023,,ABV,8310015661091,N,,,,09/14/2026,ISOM,,,,,PROACTIVE,N,Y,Y,,5,3.33
EL & EL WOOD PRODUCTS,ISOMELELW31814,,ABV,8310016147505,N,,,,09/14/2026,ISOM,,,,,PROACTIVE,N,Y,Y,,5,3.33
ELEMENT 436 LLC,ISOMELEME31279,,ABV,8310016144677,N,,,,09/14/2026,ISOM,,,,,PROACTIVE,N,Y,Y,,5,3.33
ELIDIA FONSECA,ISOMELIDI32734,,ABV,8310015612824,N,,,,09/14/2026,ISOM,,,,,PROACTIVE,N,Y,Y,,5,3.33
ELIZABETH SHUTTERS,ISOMELIZA31135,,ABV,8310015885780,N,,,,09/14/2026,ISOM,,,,,PROACTIVE,N,Y,Y,,5,3.33
ELKHORN SLOUGH,ISOMELKHO31880,,ABV,8310016360529,N,,,,09/14/2026,ISOM,,,,,PROACTIVE,N,Y,Y,,5,3.33
EL PASEO PROPERTY OWNER LLC C/,ISOMELPAS31908,,ABV,8310015734135,N,,,,09/14/2026,ISOM,,,,,PROACTIVE,N,Y,Y,,5,3.33
"EL PORTAL, IMAGING CENTER",ISOMELPOR32780,,ABV,8310015742411,N,,,,09/14/2026,ISOM,,,,,PROACTIVE,N,Y,Y,,5,3.33
"EL UNICO, MEAT MARKET",ISOMELUNI31322,,ABV,8310016226694,N,,,,09/14/2026,ISOM,,,,,PROACTIVE,N,Y,Y,,5,3.33
EMILLIANO'S MEXICAN RESTAURA,ISOMEMILL32210,,ABV,8310015775350,N,,,,09/14/2026,ISOM,,,,,PROACTIVE,N,Y,Y,,5,3.33
ERIC CHANG,ISOMERICC31828,,ABV,8310016350351,N,,,,09/14/2026,ISOM,,,,,PROACTIVE,N,Y,Y,,5,3.33
ERNEST HEALTH INC,ISOMERNES32460,,ABV,8310016368963,N,,,,09/14/2026,ISOM,,,,,PROACTIVE,N,Y,Y,,5,3.33
ETI SOUND SYSTEMS,ISOMETISO32584,,ABV,8310016164888,N,,,,09/14/2026,ISOM,,,,,PROACTIVE,N,Y,Y,,5,3.33
EUGENE HOLT,ISOMEUGEN31483,,ABV,8310016331205,N,,,,09/14/2026,ISOM,,,,,PROACTIVE,N,Y,Y,,5,3.33
EVE'S APPLE INC,ISOMEVE'S32347,,ABV,8310016278084,N,,,,09/14/2026,ISOM,,,,,PROACTIVE,N,Y,Y,,5,3.33
EVERSOLE MORTUARY A CALIFORNIA CORP-134 COURT ST-2,ISOMEVERS31570,,ABV,8310015375425,N,,,,09/14/2026,ISOM,,,,,PROACTIVE,N,Y,Y,,5,3.33
EXODUS RECOVERY INC.,ISOMEXODU32409,,ABV,8310016328249,N,,,,09/14/2026,ISOM,,,,,PROACTIVE,N,Y,Y,,5,3.33
EXPOSITION PARK ASSET LEASING CO,ISOMEXPOS32202,,ABV,8310015606565,N,,,,09/14/2026,ISOM,,,,,PROACTIVE,N,Y,Y,,5,3.33
Earp Corporation,ISOMEarpC31038,,ABV,8310015647709,N,,,,09/14/2026,ISOM,,,,,PROACTIVE,N,Y,Y,,5,3.33
Earp Corporation,ISOMEarpC32700,,ABV,8310015564063,N,,,,09/14/2026,ISOM,,,,,PROACTIVE,N,Y,Y,,5,3.33
East Bay Jewish Community Campus LLC,ISOMEastB32103,,ABV,8310015489891,N,,,,09/14/2026,ISOM,,,,,PROACTIVE,N,Y,Y,,5,3.33
"Eckmann, JC",ISOMEckma31926,,ABV,8310015952448,N,,,,09/14/2026,ISOM,,,,,PROACTIVE,N,Y,Y,,5,3.33
"Eden Lodge, L.P.",ISOMEdenL31817,,ABV,8310016325043,N,,,,09/14/2026,ISOM,,,,,PROACTIVE,N,Y,Y,,5,3.33
Edges Electrical Group LLC,ISOMEdges31329,,ABV,8310016202776,N,,,,09/14/2026,ISOM,,,,,PROACTIVE,N,Y,Y,,5,3.33
Edges Electrical Group LLC,ISOMEdges32019,,ABV,8310016202778,N,,,,09/14/2026,ISOM,,,,,PROACTIVE,N,Y,Y,,5,3.33
Edwards Federal Credit Union,ISOMEdwar31954,,ABV,8310015770284,N,,,,09/14/2026,ISOM,,,,,PROACTIVE,N,Y,Y,,5,3.33
Encino Balboa Association,ISOMEncin31592,,ABV,8310015505070,N,,,,09/14/2026,ISOM,,,,,PROACTIVE,N,Y,Y,,5,3.33
"Enzo Equities, Inc.",ISOMEnzoE32677,,ABV,8310015486827,N,,,,09/14/2026,ISOM,,,,,PROACTIVE,N,Y,Y,,5,3.33
"Epitope Diagnostics, Inc.",ISOMEpito31983,,ABV,8310016105472,N,,,,09/14/2026,ISOM,,,,,PROACTIVE,N,Y,Y,,5,3.33
Era Salon Lichen,ISOMEraSa31501,,ABV,8310016169335,N,,,,09/14/2026,ISOM,,,,,PROACTIVE,N,Y,Y,,5,3.33
Era Salon Lichen,ISOMEraSa32032,,ABV,8310016169333,N,,,,09/14/2026,ISOM,,,,,PROACTIVE,N,Y,Y,,5,3.33
Ethelred E. Carter Medical Corporation,ISOMEthel32825,,ABV,8310015883428,N,,,,09/14/2026,ISOM,,,,,PROACTIVE,N,Y,Y,,5,3.33
Evans Analytical Group LL,ISOMEvans31802,,ABV,8310016126567,N,,,,09/14/2026,ISOM,,,,,PROACTIVE,N,Y,Y,,5,3.33
Ewing-Foley Inc,ISOMEwing32403,,ABV,8310016347407,N,,,,09/14/2026,ISOM,,,,,PROACTIVE,N,Y,Y,,5,3.33
"Executive Express Lines, Inc.",ISOMExecu32209,,ABV,8310015782952,N,,,,09/14/2026,ISOM,,,,,PROACTIVE,N,Y,Y,,5,3.33
"Executive Protection Agency, K-9 & Investigative Services, Inc.",ISOMExecu32788,,ABV,8310015854608,N,,,,09/14/2026,ISOM,,,,,PROACTIVE,N,Y,Y,,5,3.33
FANG FOUSON,ISOMFANGF32353,,ABV,8310016309994,N,,,,09/14/2026,ISOM,,,,,PROACTIVE,N,Y,Y,,5,3.33
FARMERS & MERCHANTS BANK,ISOMFARME32724,,ABV,8310015568640,N,,,,09/14/2026,ISOM,,,,,PROACTIVE,N,Y,Y,,5,3.33
FARRALONE ESTATES HOA,ISOMFARRA31455,,ABV,8310016102766,N,,,,09/14/2026,ISOM,,,,,PROACTIVE,N,Y,Y,,5,3.33
FASHION DRAPERY,ISOMFASHI31770,,ABV,8310016067607,N,,,,09/14/2026,ISOM,,,,,PROACTIVE,N,Y,Y,,5,3.33
FASTRIP FOOD STORE,ISOMFASTR31884,,ABV,8310016263680,N,,,,09/14/2026,ISOM,,,,,PROACTIVE,N,Y,Y,,5,3.33
FATBURGER INC.,ISOMFATBU32079,,ABV,8310016399509,N,,,,09/14/2026,ISOM,,,,,PROACTIVE,N,Y,Y,,5,3.33
FEDORA PLAZA,ISOMFEDOR31355,,ABV,8310016304956,N,,,,09/14/2026,ISOM,,,,,PROACTIVE,N,Y,Y,,5,3.33
FELIPE ALCAZAR,ISOMFELIP31716,,ABV,8310015958737,N,,,,09/14/2026,ISOM,,,,,PROACTIVE,N,Y,Y,,5,3.33
"FIORE, RACOBS & POWERS",ISOMFIORE32120,,ABV,8310015504439,N,,,,09/14/2026,ISOM,,,,,PROACTIVE,N,Y,Y,,5,3.33
FIRST TRANSIT,ISOMFIRST31831,,ABV,8310016341553,N,,,,09/14/2026,ISOM,,,,,PROACTIVE,N,Y,Y,,5,3.33
FIRST LIGHT PROPERTY MANAGEM,ISOMFIRST31866,,ABV,8310016362055,N,,,,09/14/2026,ISOM,,,,,PROACTIVE,N,Y,Y,,5,3.33
FIRST AME CHURCH,ISOMFIRST32066,,ABV,8310016436886,N,,,,09/14/2026,ISOM,,,,,PROACTIVE,N,Y,Y,,5,3.33
FIRST CLASS PEST CONTROL,ISOMFIRST32486,,ABV,8310015709693,N,,,,09/14/2026,ISOM,,,,,PROACTIVE,N,Y,Y,,5,3.33
FIRST LA BREA LLC,ISOMFIRST32664,,ABV,8310016385437,N,,,,09/14/2026,ISOM,,,,,PROACTIVE,N,Y,Y,,5,3.33
FISHER CARPENTRY,ISOMFISHE31904,,ABV,8310015728404,N,,,,09/14/2026,ISOM,,,,,PROACTIVE,N,Y,Y,,5,3.33
FOAM CO.,ISOMFOAMC32654,,ABV,8310016399506,N,,,,09/14/2026,ISOM,,,,,PROACTIVE,N,Y,Y,,5,3.33
FOUNTAIN OF FLLRTN HOA,ISOMFOUNT31365,,ABV,8310015752033,N,,,,09/14/2026,ISOM,,,,,PROACTIVE,N,Y,Y,,5,3.33
FOURTH & MAIN,ISOMFOURT31443,,ABV,8310016218732,N,,,,09/14/2026,ISOM,,,,,PROACTIVE,N,Y,Y,,5,3.33
"FPI MANAGEMENT, INC",ISOMFPIMA31104,,ABV,8310015769680,N,,,,09/14/2026,ISOM,,,,,PROACTIVE,N,Y,Y,,5,3.33
"FPI MANAGEMENT, INC",ISOMFPIMA32150,,ABV,8310015639327,N,,,,09/14/2026,ISOM,,,,,PROACTIVE,N,Y,Y,,5,3.33
FRESH LIFELINES FOR YOUTH INC.,ISOMFRESH32105,,ABV,8310015495237,N,,,,09/14/2026,ISOM,,,,,PROACTIVE,N,Y,Y,,5,3.33
"FRESNO BARSTO SW, LLC",ISOMFRESN31662,,ABV,8310015775577,N,,,,09/14/2026,ISOM,,,,,PROACTIVE,N,Y,Y,,5,3.33
"FRESNO BARSTO SW, LLC",ISOMFRESN31907,,ABV,8310015737070,N,,,,09/14/2026,ISOM,,,,,PROACTIVE,N,Y,Y,,5,3.33
FRESNO PARK TOWER LLC,ISOMFRESN32073,,ABV,8310016058608,N,,,,09/14/2026,ISOM,,,,,PROACTIVE,N,Y,Y,,5,3.33
FRIED WITH PRIDE,ISOMFRIED32358,,ABV,8310016134002,N,,,,09/14/2026,ISOM,,,,,PROACTIVE,N,Y,Y,,5,3.33
FRIED WITH PRIDE,ISOMFRIED32361,,ABV,8310016134007,N,,,,09/14/2026,ISOM,,,,,PROACTIVE,N,Y,Y,,5,3.33
FULLER VILLAS LP,ISOMFULLE31111,,ABV,8310015827451,N,,,,09/14/2026,ISOM,,,,,PROACTIVE,N,Y,Y,,5,3.33
FW W WASSERMAN,ISOMFWWWA32425,,ABV,8310016237557,N,,,,09/14/2026,ISOM,,,,,PROACTIVE,N,Y,Y,,5,3.33
"Facciola Real Estate and Investment Company, LLC",ISOMFacci31363,,ABV,8310015759241,N,,,,09/14/2026,ISOM,,,,,PROACTIVE,N,Y,Y,,5,3.33
"Fair Oaks Valley, LLC",ISOMFairO31757,,ABV,8310016242759,N,,,,09/14/2026,ISOM,,,,,PROACTIVE,N,Y,Y,,5,3.33
Fair Oaks Baptist Church,ISOMFairO32085,,ABV,8310016408761,N,,,,09/14/2026,ISOM,,,,,PROACTIVE,N,Y,Y,,5,3.33
Famcor Foam LLC,ISOMFamco32603,,ABV,8310016222582,N,,,,09/14/2026,ISOM,,,,,PROACTIVE,N,Y,Y,,5,3.33
Farmer & The Cook,ISOMFarme31956,,ABV,8310016143388,N,,,,09/14/2026,ISOM,,,,,PROACTIVE,N,Y,Y,,5,3.33
Federal Realty Investment Trust,ISOMFeder32593,,ABV,8310016126160,N,,,,09/14/2026,ISOM,,,,,PROACTIVE,N,Y,Y,,5,3.33
"Ferrier Dental, Inc",ISOMFerri32520,,ABV,8310016125619,N,,,,09/14/2026,ISOM,,,,,PROACTIVE,N,Y,Y,,5,3.33
Fff - Friendship LLC,ISOMFff-F31370,,ABV,8310015732899,N,,,,09/14/2026,ISOM,,,,,PROACTIVE,N,Y,Y,,5,3.33
"Five Guys Properties, LLC",ISOMFiveG31128,,ABV,8310015884332,N,,,,09/14/2026,ISOM,,,,,PROACTIVE,N,Y,Y,,5,3.33
Fleming Environmental Incorporated,ISOMFlemi31462,,ABV,8310016159399,N,,,,09/14/2026,ISOM,,,,,PROACTIVE,N,Y,Y,,5,3.33
Florence Western Medical Clinic Inc,ISOMFlore32241,,ABV,8310015835249,N,,,,09/14/2026,ISOM,,,,,PROACTIVE,N,Y,Y,,5,3.33
Flour Garden Bakery-999 SUTTON WAY-1,ISOMFlour32669,,ABV,8310015095823,N,,,,09/14/2026,ISOM,,,,,PROACTIVE,N,Y,Y,,5,3.33
"Foam Distributors, Incorporated",ISOMFoamD32527,,ABV,8310016171853,N,,,,09/14/2026,ISOM,,,,,PROACTIVE,N,Y,Y,,5,3.33
Foothill Family Apartment,ISOMFooth31506,,ABV,8310015860724,N,,,,09/14/2026,ISOM,,,,,PROACTIVE,N,Y,Y,,5,3.33
Forestville Wellness Center,ISOMFores31704,,ABV,8310015870078,N,,,,09/14/2026,ISOM,,,,,PROACTIVE,N,N,Y,,5,3.33
Fortunacj LLC,ISOMFortu31623,,ABV,8310015644678,N,,,,09/14/2026,ISOM,,,,,PROACTIVE,N,Y,Y,,5,3.33
"Fried With Pride, Inc.",ISOMFried32024,,ABV,8310016134006,N,,,,09/14/2026,ISOM,,,,,PROACTIVE,N,Y,Y,,5,3.33
"Fried With Pride, Inc.",ISOMFried32359,,ABV,8310016134010,N,,,,09/14/2026,ISOM,,,,,PROACTIVE,N,Y,Y,,5,3.33
"Fried With Pride, Inc.",ISOMFried32510,,ABV,8310016134012,N,,,,09/14/2026,ISOM,,,,,PROACTIVE,N,Y,Y,,5,3.33
"Frontier Trading, Inc.",ISOMFront32402,,ABV,8310016347311,N,,,,09/14/2026,ISOM,,,,,PROACTIVE,N,Y,Y,,5,3.33
"G. T. Water Products, Inc.",ISOMG.T.W31899,,ABV,8310016370916,N,,,,09/14/2026,ISOM,,,,,PROACTIVE,N,Y,Y,,5,3.33
"G. T. Water Products, Inc.",ISOMG.T.W32803,,ABV,8310015799907,N,,,,09/14/2026,ISOM,,,,,PROACTIVE,N,Y,Y,,5,3.33
GALLERIA HOA,ISOMGALLE31399,,ABV,8310016131005,N,,,,09/14/2026,ISOM,,,,,PROACTIVE,N,Y,Y,,5,3.33
GARDEN LAND LLC,ISOMGARDE32171,,ABV,8310015617210,N,,,,09/14/2026,ISOM,,,,,PROACTIVE,N,Y,Y,,5,3.33
GATEHOUSE MRES SANTA ROSA,ISOMGATEH32470,,ABV,8310016325462,N,,,,09/14/2026,ISOM,,,,,PROACTIVE,N,Y,Y,,5,3.33
GATEWAY VILLAGE HOA,ISOMGATEW31353,,ABV,8310016318448,N,,,,09/14/2026,ISOM,,,,,PROACTIVE,N,Y,Y,,5,3.33
GEARY-NINTH DE LLC,ISOMGEARY31859,,ABV,8310016205509,N,,,,09/14/2026,ISOM,,,,,PROACTIVE,N,Y,Y,,5,3.33
GEARY-NINTH DE LLC,ISOMGEARY32277,,ABV,8310015933060,N,,,,09/14/2026,ISOM,,,,,PROACTIVE,N,Y,Y,,5,3.33
GENERAL COATINGS CORP-6711 NANCY RIDGE DR-1,ISOMGENER30985,,ABV,8310015341096,N,,,,09/14/2026,ISOM,,,,,PROACTIVE,N,Y,Y,,5,3.33
GG Pharmcare Inc,ISOMGGPha31304,,ABV,8310016182711,N,,,,09/14/2026,ISOM,,,,,PROACTIVE,N,Y,Y,,5,3.33
GIANT STEP TRAINING PROG,ISOMGIANT31765,,ABV,8310016071063,N,,,,09/14/2026,ISOM,,,,,PROACTIVE,N,Y,Y,,5,3.33
GI JOES OUTDOOR STORE,ISOMGIJOE32093,,ABV,8310015329064,N,,,,09/14/2026,ISOM,,,,,PROACTIVE,N,Y,Y,,5,3.33
GILL GREG LANDSCAPE MANAGEMENT INC,ISOMGILLG31408,,ABV,8310016118507,N,,,,09/14/2026,ISOM,,,,,PROACTIVE,N,Y,Y,,5,3.33
GIPCA 991 Nut Tree Rd,ISOMGIPCA32502,,ABV,8310015962264,N,,,,09/14/2026,ISOM,,,,,PROACTIVE,N,Y,Y,,5,3.33
GIP LP,ISOMGIPLP31700,,ABV,8310015891946,N,,,,09/14/2026,ISOM,,,,,PROACTIVE,N,Y,Y,,5,3.33
G&I XI 40 JESSIE,ISOMGIXI431991,,ABV,8310016147601,N,,,,09/14/2026,ISOM,,,,,PROACTIVE,N,Y,Y,,5,3.33
GLACIER ICE CO INC,ISOMGLACI32731,,ABV,8310015607866,N,,,,09/14/2026,ISOM,,,,,PROACTIVE,N,Y,Y,,5,3.33
GLASSWERKS,ISOMGLASS32485,,ABV,8310015754183,N,,,,09/14/2026,ISOM,,,,,PROACTIVE,N,Y,Y,,5,3.33
GLEN COVE MARINA RD LLC,ISOMGLENC31107,,ABV,8310015842344,N,,,,09/14/2026,ISOM,,,,,PROACTIVE,N,Y,Y,,5,3.33
GLEN COVE LANDING,ISOMGLENC32295,,ABV,8310015987748,N,,,,09/14/2026,ISOM,,,,,PROACTIVE,N,Y,Y,,5,3.33
GLENOAKS EQUESTRIAN CENTER,ISOMGLENO32594,,ABV,8310016131940,N,,,,09/14/2026,ISOM,,,,,PROACTIVE,N,Y,Y,,5,3.33
GNS SOUTH TOWER LP,ISOMGNSSO31428,,ABV,8310016197870,N,,,,09/14/2026,ISOM,,,,,PROACTIVE,N,Y,Y,,5,3.33
GOALER INC,ISOMGOALE31669,,ABV,8310015753765,N,,,,09/14/2026,ISOM,,,,,PROACTIVE,N,Y,Y,,5,3.33
GOLD COUNTRY CASINO,ISOMGOLDC31916,,ABV,8310015842788,N,,,,09/14/2026,ISOM,,,,,PROACTIVE,N,Y,Y,,5,3.33
GOLDEN STATE ORTHOPAEDICS,ISOMGOLDE31019,,ABV,8310015538069,N,,,,09/14/2026,ISOM,,,,,PROACTIVE,N,Y,Y,,5,3.33
GOLDEN STATE ORTHOPAEDICS,ISOMGOLDE31020,,ABV,8310015538261,N,,,,09/14/2026,ISOM,,,,,PROACTIVE,N,Y,Y,,5,3.33
GOLDEN STATE JEWELERS INC.,ISOMGOLDE31727,,ABV,8310015951561,N,,,,09/14/2026,ISOM,,,,,PROACTIVE,N,Y,Y,,5,3.33
GOLDEN ALTOS INC.,ISOMGOLDE32346,,ABV,8310016305300,N,,,,09/14/2026,ISOM,,,,,PROACTIVE,N,Y,Y,,5,3.33
GOLDEN BOSA CORP,ISOMGOLDE32623,,ABV,8310016181789,N,,,,09/14/2026,ISOM,,,,,PROACTIVE,N,Y,Y,,5,3.33
GORDON MANAGEMENT,ISOMGORDO31047,,ABV,8310015611290,N,,,,09/14/2026,ISOM,,,,,PROACTIVE,N,Y,Y,,5,3.33
GRAND VISTA POINT LLC,ISOMGRAND31509,,ABV,8310016179443,N,,,,09/14/2026,ISOM,,,,,PROACTIVE,N,Y,Y,,5,3.33
GRANT STREET CONDO,ISOMGRANT31430,,ABV,8310016198423,N,,,,09/14/2026,ISOM,,,,,PROACTIVE,N,Y,Y,,5,3.33
GRANUM PARTNERS,ISOMGRANU32538,,ABV,8310015884973,N,,,,09/14/2026,ISOM,,,,,PROACTIVE,N,Y,Y,,5,3.33
GREEN VALLEY CORP,ISOMGREEN31264,,ABV,8310016181811,N,,,,09/14/2026,ISOM,,,,,PROACTIVE,N,Y,Y,,5,3.33
GREEN VALLEY CORP,ISOMGREEN31359,,ABV,8310016382054,N,,,,09/14/2026,ISOM,,,,,PROACTIVE,N,Y,Y,,5,3.33
GREENWORLDWINDOWS&DOOR,ISOMGREEN31940,,ABV,8310015736164,N,,,,09/14/2026,ISOM,,,,,PROACTIVE,N,Y,Y,,5,3.33
GREEN VALLEY CORP,ISOMGREEN32420,,ABV,8310016328056,N,,,,09/14/2026,ISOM,,,,,PROACTIVE,N,Y,Y,,5,3.33
GREEN FIREPLACE SOLUTIONS,ISOMGREEN32585,,ABV,8310016166438,N,,,,09/14/2026,ISOM,,,,,PROACTIVE,N,Y,Y,,5,3.33
GREG & ETHNE SILBERG,ISOMGREGE32376,,ABV,8310016160663,N,,,,09/14/2026,ISOM,,,,,PROACTIVE,N,Y,Y,,5,3.33
GREGORY MAZLER,ISOMGREGO32655,,ABV,8310016397151,N,,,,09/14/2026,ISOM,,,,,PROACTIVE,N,Y,Y,,5,3.33
GRIER GRAFF,ISOMGRIER32790,,ABV,8310015854976,N,,,,09/14/2026,ISOM,,,,,PROACTIVE,N,Y,Y,,5,3.33
GRIZZLY RANCH ASSOCIATION,ISOMGRIZZ32039,,ABV,8310015800761,N,,,,09/14/2026,ISOM,,,,,PROACTIVE,N,Y,Y,,5,3.33
GRIZZLY RANCH ASSOCIATION,ISOMGRIZZ32797,,ABV,8310015800762,N,,,,09/14/2026,ISOM,,,,,PROACTIVE,N,Y,Y,,5,3.33
GS GROUP LLC,ISOMGSGRO31147,,ABV,8310015883032,N,,,,09/14/2026,ISOM,,,,,PROACTIVE,N,Y,Y,,5,3.33
GTO Harper LLC,ISOMGTOHa32444,,ABV,8310016199466,N,,,,09/14/2026,ISOM,,,,,PROACTIVE,N,Y,Y,,5,3.33
"GWMP INVESTMENTS, LLC",ISOMGWMPI32178,,ABV,8310015604138,N,,,,09/14/2026,ISOM,,,,,PROACTIVE,N,Y,Y,,5,3.33
"GWMP INVESTMENTS, LLC",ISOMGWMPI32732,,ABV,8310015611101,N,,,,09/14/2026,ISOM,,,,,PROACTIVE,N,Y,Y,,5,3.33
Gamma PHI Beta - Beta Alpha Chapter,ISOMGamma31925,,ABV,8310015933236,N,,,,09/14/2026,ISOM,,,,,PROACTIVE,N,Y,Y,,5,3.33
Garcia Bayshore JV LLC,ISOMGarci31120,,ABV,8310015826865,N,,,,09/14/2026,ISOM,,,,,PROACTIVE,N,Y,Y,,5,3.33
"Garden Villas Condominium Association, Inc.",ISOMGarde31613,,ABV,8310015661855,N,,,,09/14/2026,ISOM,,,,,PROACTIVE,N,Y,Y,,5,3.33
"Gary Hoffman, Julie Hoffman, LLC",ISOMGaryH31466,,ABV,8310016277948,N,,,,09/14/2026,ISOM,,,,,PROACTIVE,N,Y,Y,,5,3.33
Gavrieli Brands,ISOMGavri31057,,ABV,8310015597993,N,,,,09/14/2026,ISOM,,,,,PROACTIVE,N,Y,Y,,5,3.33
General Sealants,ISOMGener31420,,ABV,8310016164520,N,,,,09/14/2026,ISOM,,,,,PROACTIVE,N,Y,Y,,5,3.33
"General Real Estate Management, Inc",ISOMGener31798,,ABV,8310016135593,N,,,,09/14/2026,ISOM,,,,,PROACTIVE,N,Y,Y,,5,3.33
"Gerro Properties, LLC",ISOMGerro31463,,ABV,8310016314833,N,,,,09/14/2026,ISOM,,,,,PROACTIVE,N,Y,Y,,5,3.33
Gir Investments,ISOMGirIn32555,,ABV,8310016205708,N,,,,09/14/2026,ISOM,,,,,PROACTIVE,N,Y,Y,,5,3.33
"Glenn J. Hom, D.D.S., Inc.",ISOMGlenn32364,,ABV,8310016123999,N,,,,09/14/2026,ISOM,,,,,PROACTIVE,N,Y,Y,,5,3.33
Global Investments LLC,ISOMGloba32630,,ABV,8310015881790,N,,,,09/14/2026,ISOM,,,,,PROACTIVE,N,Y,Y,,5,3.33
Gold Mountain California News Media,ISOMGoldM31749,,ABV,8310016005106,N,,,,09/14/2026,ISOM,,,,,PROACTIVE,N,Y,Y,,5,3.33
Grace Temple Memorial Church of God In Christ,ISOMGrace31060,,ABV,8310015597167,N,,,,09/14/2026,ISOM,,,,,PROACTIVE,N,Y,Y,,5,3.33
Grace M Marselis,ISOMGrace32722,,ABV,8310015644431,N,,,,09/14/2026,ISOM,,,,,PROACTIVE,N,Y,Y,,5,3.33
Graeagle Store,ISOMGraea31870,,ABV,8310016375217,N,,,,09/14/2026,ISOM,,,,,PROACTIVE,N,Y,Y,,5,3.33
Gray N Rock LLC,ISOMGrayN32030,,ABV,8310016172656,N,,,,09/14/2026,ISOM,,,,,PROACTIVE,N,Y,Y,,5,3.33
Greenback Townehomes East Homeowners Association,ISOMGreen31692,,ABV,8310015886874,N,,,,09/14/2026,ISOM,,,,,PROACTIVE,N,Y,Y,,5,3.33
Greenline Express Transportation,ISOMGreen32554,,ABV,8310016216175,N,,,,09/14/2026,ISOM,,,,,PROACTIVE,N,Y,Y,,5,3.33
Guadalajara Restaurant,ISOMGuada31478,,ABV,8310016189098,N,,,,09/14/2026,ISOM,,,,,PROACTIVE,N,Y,Y,,5,3.33
"Guzik Investments, L.P.",ISOMGuzik31986,,ABV,8310016233632,N,,,,09/14/2026,ISOM,,,,,PROACTIVE,N,Y,Y,,5,3.33
"Guzik Investments, L.P.",ISOMGuzik32355,,ABV,8310016302285,N,,,,09/14/2026,ISOM,,,,,PROACTIVE,N,Y,Y,,5,3.33
HAF HOSPITALITY TREMONT OPERAT,ISOMHAFHO32756,,ABV,8310015736051,N,,,,09/14/2026,ISOM,,,,,PROACTIVE,N,Y,Y,,5,3.33
HAMPTON VILLAGE HOA,ISOMHAMPT31217,,ABV,8310016106799,N,,,,09/14/2026,ISOM,,,,,PROACTIVE,N,Y,Y,,5,3.33
HANYON HOLDINGS INC,ISOMHANYO32343,,ABV,8310016257526,N,,,,09/14/2026,ISOM,,,,,PROACTIVE,N,N,Y,,5,3.33
HARBOR GATE HM OWNS ASN,ISOMHARBO31552,,ABV,8310016392384,N,,,,09/14/2026,ISOM,,,,,PROACTIVE,N,Y,Y,,5,3.33
HARBOR VILLAGE HOA,ISOMHARBO31706,,ABV,8310015870684,N,,,,09/14/2026,ISOM,,,,,PROACTIVE,N,Y,Y,,5,3.33
HARMONY GOLD USA,ISOMHARMO32838,,ABV,8310015969314,N,,,,09/14/2026,ISOM,,,,,PROACTIVE,N,Y,Y,,5,3.33
HARPER ENTERPRISE LLC,ISOMHARPE31070,,ABV,8310015736122,N,,,,09/14/2026,ISOM,,,,,PROACTIVE,N,Y,Y,,5,3.33
HARVARD MEDICAL CENTER LLC,ISOMHARVA31629,,ABV,8310015581949,N,,,,09/14/2026,ISOM,,,,,PROACTIVE,N,Y,Y,,5,3.33
HARVARD MEDICAL CENTER LLC,ISOMHARVA32710,,ABV,8310015535270,N,,,,09/14/2026,ISOM,,,,,PROACTIVE,N,Y,Y,,5,3.33
HASKELL & DAVIS CPA,ISOMHASKE31323,,ABV,8310016220858,N,,,,09/14/2026,ISOM,,,,,PROACTIVE,N,Y,Y,,5,3.33
HATZOLOH OF LA,ISOMHATZO32481,,ABV,8310015765682,N,,,,09/14/2026,ISOM,,,,,PROACTIVE,N,Y,Y,,5,3.33
"HDSI MANAGEMENT, INC.",ISOMHDSIM31761,,ABV,8310016251369,N,,,,09/14/2026,ISOM,,,,,PROACTIVE,N,Y,Y,,5,3.33
HEATHER GLEN HOA,ISOMHEATH31967,,ABV,8310015970964,N,,,,09/14/2026,ISOM,,,,,PROACTIVE,N,Y,Y,,5,3.33
HELEN GASKIN,ISOMHELEN31815,,ABV,8310016140255,N,,,,09/14/2026,ISOM,,,,,PROACTIVE,N,Y,Y,,5,3.33
HELEN VUONG DBA PET CHOICE GROOMING,ISOMHELEN32721,,ABV,8310015570456,N,,,,09/14/2026,ISOM,,,,,PROACTIVE,N,Y,Y,,5,3.33
HENRY FALKENSTEIN AND ASSOCI,ISOMHENRY32524,,ABV,8310016154436,N,,,,09/14/2026,ISOM,,,,,PROACTIVE,N,Y,Y,,5,3.33
HERITAGE PLACE LLC,ISOMHERIT31661,,ABV,8310015786346,N,,,,09/14/2026,ISOM,,,,,PROACTIVE,N,Y,Y,,5,3.33
HERRY A-PROSPECT FARMS,ISOMHERRY32589,,ABV,8310016182219,N,,,,09/14/2026,ISOM,,,,,PROACTIVE,N,Y,Y,,5,3.33
HI-SHEAR CORPORATION,ISOMHI-SH31481,,ABV,8310016181873,N,,,,09/14/2026,ISOM,,,,,PROACTIVE,N,Y,Y,,5,3.33
HIGGINS LOFT,ISOMHIGGI31283,,ABV,8310016343497,N,,,,09/14/2026,ISOM,,,,,PROACTIVE,N,Y,Y,,5,3.33
HILLSBOROUGH & OTAY RANCH,ISOMHILLS32430,,ABV,8310016220717,N,,,,09/14/2026,ISOM,,,,,PROACTIVE,N,Y,Y,,5,3.33
HILTON WORLDWIDE,ISOMHILTO31446,,ABV,8310016208697,N,,,,09/14/2026,ISOM,,,,,PROACTIVE,N,Y,Y,,5,3.33
HISAKO OGAWA C\\O,ISOMHISAK31676,,ABV,8310015849498,N,,,,09/14/2026,ISOM,,,,,PROACTIVE,N,Y,Y,,5,3.33
H & K INTERNATIONAL INC,ISOMHKINT31058,,ABV,8310015603993,N,,,,09/14/2026,ISOM,,,,,PROACTIVE,N,Y,Y,,5,3.33
HK Valley Center LLC,ISOMHKVal32061,,ABV,8310016374911,N,,,,09/14/2026,ISOM,,,,,PROACTIVE,N,Y,Y,,5,3.33
HNFRD-FRND 439 GRNWCH,ISOMHNFRD32284,,ABV,8310016094461,N,,,,09/14/2026,ISOM,,,,,PROACTIVE,N,Y,Y,,5,3.33
HODARI MD DERMATOLOGY INC,ISOMHODAR31271,,ABV,8310016324750,N,,,,09/14/2026,ISOM,,,,,PROACTIVE,N,Y,Y,,5,3.33
HOLLAND FLOWER MARKET,ISOMHOLLA31278,,ABV,8310016321627,N,,,,09/14/2026,ISOM,,,,,PROACTIVE,N,Y,Y,,5,3.33
HOME OF ETERNITY CEMETERY,ISOMHOMEO31606,,ABV,8310015538296,N,,,,09/14/2026,ISOM,,,,,PROACTIVE,N,Y,Y,,5,3.33
HONORWAY INVESTMENT CORP,ISOMHONOR31843,,ABV,8310016198129,N,,,,09/14/2026,ISOM,,,,,PROACTIVE,N,Y,Y,,5,3.33
HOSPICE OF THE NORTH,ISOMHOSPI31426,,ABV,8310016203115,N,,,,09/14/2026,ISOM,,,,,PROACTIVE,N,Y,Y,,5,3.33
HOSSEIN G AJABI &,ISOMHOSSE31527,,ABV,8310016334176,N,,,,09/14/2026,ISOM,,,,,PROACTIVE,N,Y,Y,,5,3.33
HPI ASVRF 1990 BAY LLC,ISOMHPIAS31842,,ABV,8310016334068,N,,,,09/14/2026,ISOM,,,,,PROACTIVE,N,Y,Y,,5,3.33
HUGHSON SELF STORAGE,ISOMHUGHS32451,,ABV,8310016350373,N,,,,09/14/2026,ISOM,,,,,PROACTIVE,N,Y,Y,,5,3.33
HUNTINGTON REPRODUCTIVE,ISOMHUNTI32222,,ABV,8310015740997,N,,,,09/14/2026,ISOM,,,,,PROACTIVE,N,Y,Y,,5,3.33
HWY PROPERTIES LT,ISOMHWYPR32280,,ABV,8310015933212,N,,,,09/14/2026,ISOM,,,,,PROACTIVE,N,Y,Y,,5,3.33
Hagen Oaks Homeowners Association,ISOMHagen32040,,ABV,8310016192400,N,,,,09/14/2026,ISOM,,,,,PROACTIVE,N,Y,Y,,5,3.33
Hair By Krissy Sola Salons,ISOMHairB31736,,ABV,8310016090377,N,,,,09/14/2026,ISOM,,,,,PROACTIVE,N,Y,Y,,5,3.33
"Hall Ambulance Service, Inc.",ISOMHallA31138,,ABV,8310015873666,N,,,,09/14/2026,ISOM,,,,,PROACTIVE,N,N,Y,,5,3.33
Hamilton and Associates,ISOMHamil32459,,ABV,8310016368895,N,,,,09/14/2026,ISOM,,,,,PROACTIVE,N,Y,Y,,5,3.33
Hancock Avenue Properties,ISOMHanco32737,,ABV,8310015618302,N,,,,09/14/2026,ISOM,,,,,PROACTIVE,N,Y,Y,,5,3.33
Happy Days Childrens Learning Center,ISOMHappy32712,,ABV,8310015535823,N,,,,09/14/2026,ISOM,,,,,PROACTIVE,N,Y,Y,,5,3.33
Harbor All Glass & Mirror Inc,ISOMHarbo31294,,ABV,8310016335149,N,,,,09/14/2026,ISOM,,,,,PROACTIVE,N,Y,Y,,5,3.33
Harvardwestlake School,ISOMHarva31238,,ABV,8310016267427,N,,,,09/14/2026,ISOM,,,,,PROACTIVE,N,Y,Y,,5,3.33
Harvest Properties,ISOMHarve31137,,ABV,8310015572417,N,,,,09/14/2026,ISOM,,,,,PROACTIVE,N,Y,Y,,5,3.33
Harvest Properties,ISOMHarve32148,,ABV,8310015639755,N,,,,09/14/2026,ISOM,,,,,PROACTIVE,N,N,Y,,5,3.33
"Hbk Investments, LLC",ISOMHbkIn31935,,ABV,8310015885387,N,,,,09/14/2026,ISOM,,,,,PROACTIVE,N,Y,Y,,5,3.33
Health Peak Properties,ISOMHealt31590,,ABV,8310015504803,N,,,,09/14/2026,ISOM,,,,,PROACTIVE,N,Y,Y,,5,3.33
Health Peak,ISOMHealt31931,,ABV,8310015918378,N,,,,09/14/2026,ISOM,,,,,PROACTIVE,N,Y,Y,,5,3.33
Health Peak Properties,ISOMHealt32116,,ABV,8310015504995,N,,,,09/14/2026,ISOM,,,,,PROACTIVE,N,Y,Y,,5,3.33
Health Peak,ISOMHealt32242,,ABV,8310015918374,N,,,,09/14/2026,ISOM,,,,,PROACTIVE,N,Y,Y,,5,3.33
"High Flow Fuel Systems, Inc.",ISOMHighF31339,,ABV,8310016374462,N,,,,09/14/2026,ISOM,,,,,PROACTIVE,N,Y,Y,,5,3.33
Hollydale Apartments,ISOMHolly31654,,ABV,8310015703939,N,,,,09/14/2026,ISOM,,,,,PROACTIVE,N,Y,Y,,5,3.33
"Hoopala, Inc.",ISOMHoopa31200,,ABV,8310016247331,N,,,,09/14/2026,ISOM,,,,,PROACTIVE,N,Y,Y,,5,3.33
"Hoopala, Inc.",ISOMHoopa31201,,ABV,8310016247329,N,,,,09/14/2026,ISOM,,,,,PROACTIVE,N,Y,Y,,5,3.33
"Hoopala, Inc.",ISOMHoopa31988,,ABV,8310016247325,N,,,,09/14/2026,ISOM,,,,,PROACTIVE,N,Y,Y,,5,3.33
"Hoopala, Inc.",ISOMHoopa32314,,ABV,8310016247323,N,,,,09/14/2026,ISOM,,,,,PROACTIVE,N,Y,Y,,5,3.33
"House of Clocks, Inc.",ISOMHouse32411,,ABV,8310016198573,N,,,,09/14/2026,ISOM,,,,,PROACTIVE,N,Y,Y,,5,3.33
Howard 851-853 Street LLC,ISOMHowar32042,,ABV,8310016212905,N,,,,09/14/2026,ISOM,,,,,PROACTIVE,N,Y,Y,,5,3.33
"Hsg Safety Supplies, Inc.",ISOMHsgSa31131,,ABV,8310015896935,N,,,,09/14/2026,ISOM,,,,,PROACTIVE,N,Y,Y,,5,3.33
Hydrite,ISOMHydri31198,,ABV,8310016232706,N,,,,09/14/2026,ISOM,,,,,PROACTIVE,N,Y,Y,,5,3.33
"Hydrotec Solutions, Inc.",ISOMHydro32543,,ABV,8310015860801,N,,,,09/14/2026,ISOM,,,,,PROACTIVE,N,Y,Y,,5,3.33
ICHIBAN,ISOMICHIB32181,,ABV,8310015595741,N,,,,09/14/2026,ISOM,,,,,PROACTIVE,N,Y,Y,,5,3.33
ICJ WEST LLC,ISOMICJWE32534,,ABV,8310016182369,N,,,,09/14/2026,ISOM,,,,,PROACTIVE,N,Y,Y,,5,3.33
IHM COMMONWEALTH,ISOMIHMCO31256,,ABV,8310016169302,N,,,,09/14/2026,ISOM,,,,,PROACTIVE,N,Y,Y,,5,3.33
IMCO,ISOMIMCO32236,,ABV,8310015828316,N,,,,09/14/2026,ISOM,,,,,PROACTIVE,N,Y,Y,,5,3.33
IMPERIAL PLUMBING,ISOMIMPER31406,,ABV,8310016104797,N,,,,09/14/2026,ISOM,,,,,PROACTIVE,N,Y,Y,,5,3.33
IMPERIAL PLUMBING,ISOMIMPER32517,,ABV,8310016123884,N,,,,09/14/2026,ISOM,,,,,PROACTIVE,N,Y,Y,,5,3.33
INFORMATION SYSTEMS,ISOMINFOR31458,,ABV,8310016257413,N,,,,09/14/2026,ISOM,,,,,PROACTIVE,N,Y,Y,,5,3.33
INLAND EMPIRE,ISOMINLAN32098,,ABV,8310015439206,N,,,,09/14/2026,ISOM,,,,,PROACTIVE,N,Y,Y,,5,3.33
INNOVATIONS HOA C\\O,ISOMINNOV31769,,ABV,8310016103942,N,,,,09/14/2026,ISOM,,,,,PROACTIVE,N,Y,Y,,5,3.33
INNOVATIONS HOA CO SILVERCREEK ASSOC MGT,ISOMINNOV32336,,ABV,8310016122639,N,,,,09/14/2026,ISOM,,,,,PROACTIVE,N,Y,Y,,5,3.33
INTERCONTINENAL HOTEL,ISOMINTER32452,,ABV,8310016351733,N,,,,09/14/2026,ISOM,,,,,PROACTIVE,N,Y,Y,,5,3.33
IRA L STOKER,ISOMIRALS32772,,ABV,8310015775335,N,,,,09/14/2026,ISOM,,,,,PROACTIVE,N,Y,Y,,5,3.33
IRHYTHM TECHNOLOGIES INC,ISOMIRHYT32649,,ABV,8310016436221,N,,,,09/14/2026,ISOM,,,,,PROACTIVE,N,Y,Y,,5,3.33
IRONRIDGE@POTORLA HILLS,ISOMIRONR32718,,ABV,8310015668911,N,,,,09/14/2026,ISOM,,,,,PROACTIVE,N,Y,Y,,5,3.33
ISABEL APARTMENTS,ISOMISABE32056,,ABV,8310016306452,N,,,,09/14/2026,ISOM,,,,,PROACTIVE,N,Y,Y,,5,3.33
ISLA DE LOS ANGELES LP,ISOMISLAD31004,,ABV,8310015502769,N,,,,09/14/2026,ISOM,,,,,PROACTIVE,N,Y,Y,,5,3.33
ISLA DE LOS ANGELES LP,ISOMISLAD31190,,ABV,8310016078332,N,,,,09/14/2026,ISOM,,,,,PROACTIVE,N,Y,Y,,5,3.33
ISLA DE LOS ANGELES LP,ISOMISLAD31997,,ABV,8310016312726,N,,,,09/14/2026,ISOM,,,,,PROACTIVE,N,Y,Y,,5,3.33
"Ichor Systems, Inc.",ISOMIchor31867,,ABV,8310016259370,N,,,,09/14/2026,ISOM,,,,,PROACTIVE,N,Y,Y,,5,3.33
Ida George Forever LP,ISOMIdaGe31894,,ABV,8310016310961,N,,,,09/14/2026,ISOM,,,,,PROACTIVE,N,Y,Y,,5,3.33
"Industrial and Commercial Bank of China (usa), National Association",ISOMIndus31999,,ABV,8310016304368,N,,,,09/14/2026,ISOM,,,,,PROACTIVE,N,N,Y,,5,3.33
"Inframark, LLC",ISOMInfra32671,,ABV,8310015304013,N,,,,09/14/2026,ISOM,,,,,PROACTIVE,N,Y,Y,,5,3.33
"Ingraham Apartments, L.P.",ISOMIngra31582,,ABV,8310015518465,N,,,,09/14/2026,ISOM,,,,,PROACTIVE,N,Y,Y,,5,3.33
Ink and Image LLC,ISOMInkan32565,,ABV,8310016094951,N,,,,09/14/2026,ISOM,,,,,PROACTIVE,N,Y,Y,,5,3.33
"Inograft Biotherapeutics, Inc.",ISOMInogr31383,,ABV,8310015840641,N,,,,09/14/2026,ISOM,,,,,PROACTIVE,N,Y,Y,,5,3.33
Insight Optometry,ISOMInsig31300,,ABV,8310016198567,N,,,,09/14/2026,ISOM,,,,,PROACTIVE,N,Y,Y,,5,3.33
"Intuitive Surgical, Inc.",ISOMIntui32367,,ABV,8310015646355,N,,,,09/14/2026,ISOM,,,,,PROACTIVE,N,N,Y,,5,3.33
Iq Autoworks,ISOMIqAut31325,,ABV,8310016217695,N,,,,09/14/2026,ISOM,,,,,PROACTIVE,N,Y,Y,,5,3.33
Iqbal Lodhi,ISOMIqbal31557,,ABV,8310016397507,N,,,,09/14/2026,ISOM,,,,,PROACTIVE,N,Y,Y,,5,3.33
"J.B.I. Water & Wastewater Equipment, Inc.",ISOMJ.B.I31829,,ABV,8310016345335,N,,,,09/14/2026,ISOM,,,,,PROACTIVE,N,Y,Y,,5,3.33
JACK IN THE BOX,ISOMJACKI32069,,ABV,8310016122667,N,,,,09/14/2026,ISOM,,,,,PROACTIVE,N,Y,Y,,5,3.33
JACKSON MEDICAL,ISOMJACKS31218,,ABV,8310016108724,N,,,,09/14/2026,ISOM,,,,,PROACTIVE,N,Y,Y,,5,3.33
JAHANT FUEL N FOOD STOP INC,ISOMJAHAN31302,,ABV,8310016190500,N,,,,09/14/2026,ISOM,,,,,PROACTIVE,N,Y,Y,,5,3.33
JAMES B PRESTON A,ISOMJAMES31011,,ABV,8310015566078,N,,,,09/14/2026,ISOM,,,,,PROACTIVE,N,Y,Y,,5,3.33
JAWAD JAJEH,ISOMJAWAD32391,,ABV,8310016325259,N,,,,09/14/2026,ISOM,,,,,PROACTIVE,N,Y,Y,,5,3.33
JEWISH FAMILY & CHILDREN SERVICES,ISOMJEWIS32750,,ABV,8310015726718,N,,,,09/14/2026,ISOM,,,,,PROACTIVE,N,Y,Y,,5,3.33
JEWISH FAMILY & CHILDREN SERVICES,ISOMJEWIS32834,,ABV,8310015974435,N,,,,09/14/2026,ISOM,,,,,PROACTIVE,N,Y,Y,,5,3.33
JINTA VINEYARDS & WINERY LLC,ISOMJINTA32793,,ABV,8310015859203,N,,,,09/14/2026,ISOM,,,,,PROACTIVE,N,Y,Y,,5,3.33
J J ENTERPRISES,ISOMJJENT31507,,ABV,8310015846453,N,,,,09/14/2026,ISOM,,,,,PROACTIVE,N,Y,Y,,5,3.33
J J ENTERPRISES,ISOMJJENT32078,,ABV,8310015696246,N,,,,09/14/2026,ISOM,,,,,PROACTIVE,N,Y,Y,,5,3.33
J J ENTERPRISES,ISOMJJENT32645,,ABV,8310016071078,N,,,,09/14/2026,ISOM,,,,,PROACTIVE,N,Y,Y,,5,3.33
J J ENTERPRISES,ISOMJJENT32766,,ABV,8310015694969,N,,,,09/14/2026,ISOM,,,,,PROACTIVE,N,Y,Y,,5,3.33
J J ENTERPRISES,ISOMJJENT32768,,ABV,8310015696268,N,,,,09/14/2026,ISOM,,,,,PROACTIVE,N,Y,Y,,5,3.33
JLL,ISOMJLL31215,,ABV,8310016118636,N,,,,09/14/2026,ISOM,,,,,PROACTIVE,N,Y,Y,,5,3.33
J & M PROPERTIES,ISOMJMPRO31644,,ABV,8310015597682,N,,,,09/14/2026,ISOM,,,,,PROACTIVE,N,Y,Y,,5,3.33
JOE SIMON DBA JJ LLC,ISOMJOESI32319,,ABV,8310016233745,N,,,,09/14/2026,ISOM,,,,,PROACTIVE,N,Y,Y,,5,3.33
JOHN B LOGVY MFG CO INC,ISOMJOHNB31021,,ABV,8310015663532,N,,,,09/14/2026,ISOM,,,,,PROACTIVE,N,Y,Y,,5,3.33
JOHN B VLAHOS,ISOMJOHNB32169,,ABV,8310015618852,N,,,,09/14/2026,ISOM,,,,,PROACTIVE,N,Y,Y,,5,3.33
JON GIBSON,ISOMJONGI31771,,ABV,8310016112738,N,,,,09/14/2026,ISOM,,,,,PROACTIVE,N,Y,Y,,5,3.33
"JORDAN PROPERTIES,LLC",ISOMJORDA31498,,ABV,8310015779122,N,,,,09/14/2026,ISOM,,,,,PROACTIVE,N,Y,Y,,5,3.33
JOS E BRONZINI DDS,ISOMJOSEB32769,,ABV,8310015700868,N,,,,09/14/2026,ISOM,,,,,PROACTIVE,N,Y,Y,,5,3.33
JOSE LUIS LAZARO,ISOMJOSEL32337,,ABV,8310016090822,N,,,,09/14/2026,ISOM,,,,,PROACTIVE,N,Y,Y,,5,3.33
JOSEPH PELL,ISOMJOSEP31085,,ABV,8310015696136,N,,,,09/14/2026,ISOM,,,,,PROACTIVE,N,Y,Y,,5,3.33
JOSE ZAMORA,ISOMJOSEZ31648,,ABV,8310015734647,N,,,,09/14/2026,ISOM,,,,,PROACTIVE,N,Y,Y,,5,3.33
J & S MANAGEMENT,ISOMJSMAN31834,,ABV,8310016346272,N,,,,09/14/2026,ISOM,,,,,PROACTIVE,N,Y,Y,,5,3.33
JUANA ZURITA,ISOMJUANA31001,,ABV,8310015516264,N,,,,09/14/2026,ISOM,,,,,PROACTIVE,N,Y,Y,,5,3.33
JUAN CARBAJAL,ISOMJUANC31460,,ABV,8310016254193,N,,,,09/14/2026,ISOM,,,,,PROACTIVE,N,Y,Y,,5,3.33
Jacaranda Holdings LLC,ISOMJacar31219,,ABV,8310016096874,N,,,,09/14/2026,ISOM,,,,,PROACTIVE,N,Y,Y,,5,3.33
Jacqueline Homes Association,ISOMJacqu32172,,ABV,8310015631959,N,,,,09/14/2026,ISOM,,,,,PROACTIVE,N,Y,Y,,5,3.33
Japan Center West Associa,ISOMJapan32779,,ABV,8310015759271,N,,,,09/14/2026,ISOM,,,,,PROACTIVE,N,Y,Y,,5,3.33
Jay's Automotive Center,ISOMJay's32762,,ABV,8310015736783,N,,,,09/14/2026,ISOM,,,,,PROACTIVE,N,Y,Y,,5,3.33
Jewish Federation Council of Greater Los Angeles,ISOMJewis32553,,ABV,8310016229907,N,,,,09/14/2026,ISOM,,,,,PROACTIVE,N,Y,Y,,5,3.33
Jim Ward,ISOMJimWa31289,,ABV,8310016347547,N,,,,09/14/2026,ISOM,,,,,PROACTIVE,N,Y,Y,,5,3.33
Jimmy Franklin,ISOMJimmy32405,,ABV,8310016335166,N,,,,09/14/2026,ISOM,,,,,PROACTIVE,N,Y,Y,,5,3.33
Jk Group,ISOMJkGro32691,,ABV,8310015505013,N,,,,09/14/2026,ISOM,,,,,PROACTIVE,N,Y,Y,,5,3.33
Jl Realty Partners LLC,ISOMJlRea32165,,ABV,8310015613980,N,,,,09/14/2026,ISOM,,,,,PROACTIVE,N,Y,Y,,5,3.33
Joanie Michaelson,ISOMJoani32826,,ABV,8310015876810,N,,,,09/14/2026,ISOM,,,,,PROACTIVE,N,Y,Y,,5,3.33
Joe Davalos Jr,ISOMJoeDa32129,,ABV,8310015560703,N,,,,09/14/2026,ISOM,,,,,PROACTIVE,N,Y,Y,,5,3.33
"Joe Saubert, Inc.",ISOMJoeSa32661,,ABV,8310016385141,N,,,,09/14/2026,ISOM,,,,,PROACTIVE,N,Y,Y,,5,3.33
"Joe and Jon Hildebrand Brothers, Inc.",ISOMJoean32232,,ABV,8310015843682,N,,,,09/14/2026,ISOM,,,,,PROACTIVE,N,Y,Y,,5,3.33
Jones Land and Equipment,ISOMJones31314,,ABV,8310016328036,N,,,,09/14/2026,ISOM,,,,,PROACTIVE,N,Y,Y,,5,3.33
"Jones Memorial Homes, Inc.",ISOMJones32789,,ABV,8310015850505,N,,,,09/14/2026,ISOM,,,,,PROACTIVE,N,N,Y,,5,3.33
Josephine Selection Inc.,ISOMJosep31310,,ABV,8310016186457,N,,,,09/14/2026,ISOM,,,,,PROACTIVE,N,Y,Y,,5,3.33
Justright Tax Services,ISOMJustr32013,,ABV,8310016129983,N,,,,09/14/2026,ISOM,,,,,PROACTIVE,N,Y,Y,,5,3.33
KADIANT LLC,ISOMKADIA32421,,ABV,8310016188575,N,,,,09/14/2026,ISOM,,,,,PROACTIVE,N,Y,Y,,5,3.33
KASHI KESHAV INVESTMENTS LLC,ISOMKASHI32808,,ABV,8310015886793,N,,,,09/14/2026,ISOM,,,,,PROACTIVE,N,Y,Y,,5,3.33
KATELLA TERRACE LP,ISOMKATEL31941,,ABV,8310016137430,N,,,,09/14/2026,ISOM,,,,,PROACTIVE,N,Y,Y,,5,3.33
KB MANGEMENT CO,ISOMKBMAN30995,,ABV,8310015499425,N,,,,09/14/2026,ISOM,,,,,PROACTIVE,N,Y,Y,,5,3.33
KC Market,ISOMKCMar31545,,ABV,8310016438988,N,,,,09/14/2026,ISOM,,,,,PROACTIVE,N,Y,Y,,5,3.33
KDC ONE CHATSWORTH INC,ISOMKDCON31713,,ABV,8310015876421,N,,,,09/14/2026,ISOM,,,,,PROACTIVE,N,Y,Y,,5,3.33
KEARNY MESA HYUNDAI,ISOMKEARN31965,,ABV,8310015946576,N,,,,09/14/2026,ISOM,,,,,PROACTIVE,N,Y,Y,,5,3.33
KENNETH M BAREILLES ATTORNEY A,ISOMKENNE31352,,ABV,8310016311028,N,,,,09/14/2026,ISOM,,,,,PROACTIVE,N,Y,Y,,5,3.33
KENTFIELD MARIN HOSPITAL AAM,ISOMKENTF31598,,ABV,8310015544586,N,,,,09/14/2026,ISOM,,,,,PROACTIVE,N,Y,Y,,5,3.33
KENTFIELD MARIN HOSPITAL AAM,ISOMKENTF31602,,ABV,8310015544569,N,,,,09/14/2026,ISOM,,,,,PROACTIVE,N,Y,Y,,5,3.33
"KEY ROUTE LOFTS, OA",ISOMKEYRO32515,,ABV,8310016131934,N,,,,09/14/2026,ISOM,,,,,PROACTIVE,N,Y,Y,,5,3.33
KEYSTONE,ISOMKEYST32605,,ABV,8310016138653,N,,,,09/14/2026,ISOM,,,,,PROACTIVE,N,Y,Y,,5,3.33
KIFER RD PROPERTIES LLC,ISOMKIFER31708,,ABV,8310015859943,N,,,,09/14/2026,ISOM,,,,,PROACTIVE,N,Y,Y,,5,3.33
KIM'S WASH TIME,ISOMKIM'S31871,,ABV,8310016375242,N,,,,09/14/2026,ISOM,,,,,PROACTIVE,N,Y,Y,,5,3.33
KIM,ISOMKIM31026,,ABV,8310015667072,N,,,,09/14/2026,ISOM,,,,,PROACTIVE,N,Y,Y,,5,3.33
KIM KY NOODLE HOUSE,ISOMKIMKY32332,,ABV,8310016097552,N,,,,09/14/2026,ISOM,,,,,PROACTIVE,N,Y,Y,,5,3.33
KIM MAR,ISOMKIMMA31619,,ABV,8310015663382,N,,,,09/14/2026,ISOM,,,,,PROACTIVE,N,Y,Y,,5,3.33
KING AND GEORGE LLC,ISOMKINGA32596,,ABV,8310016228025,N,,,,09/14/2026,ISOM,,,,,PROACTIVE,N,Y,Y,,5,3.33
KING AND GEORGE LLC,ISOMKINGA32781,,ABV,8310015743359,N,,,,09/14/2026,ISOM,,,,,PROACTIVE,N,Y,Y,,5,3.33
KING & CO DBA KING FAMILY IRREV TRUST,ISOMKINGC31835,,ABV,8310016337745,N,,,,09/14/2026,ISOM,,,,,PROACTIVE,N,Y,Y,,5,3.33
KJELDEN SINNOCK,ISOMKJELD30992,,ABV,8310015495902,N,,,,09/14/2026,ISOM,,,,,PROACTIVE,N,Y,Y,,5,3.33
KM-Crane 1142,ISOMKM-Cr31203,,ABV,8310016233845,N,,,,09/14/2026,ISOM,,,,,PROACTIVE,N,Y,Y,,5,3.33
"K & N Estate, LLC",ISOMKNEst32064,,ABV,8310016373085,N,,,,09/14/2026,ISOM,,,,,PROACTIVE,N,Y,Y,,5,3.33
KOREAN AIRLINES,ISOMKOREA31532,,ABV,8310016277995,N,,,,09/14/2026,ISOM,,,,,PROACTIVE,N,Y,Y,,5,3.33
KOTEK AMER INC,ISOMKOTEK31594,,ABV,8310015506476,N,,,,09/14/2026,ISOM,,,,,PROACTIVE,N,Y,Y,,5,3.33
KRE 1330 BROADWAY OWNER LLC,ISOMKRE1332400,,ABV,8310016352925,N,,,,09/14/2026,ISOM,,,,,PROACTIVE,N,Y,Y,,5,3.33
KRUEGER CAPITAL MANAGEMENT,ISOMKRUEG31129,,ABV,8310015896874,N,,,,09/14/2026,ISOM,,,,,PROACTIVE,N,Y,Y,,5,3.33
K&S PROPERTY MANAGEMENT,ISOMKSPRO31951,,ABV,8310016169360,N,,,,09/14/2026,ISOM,,,,,PROACTIVE,N,Y,Y,,5,3.33
K&S PROPERTY MANAGEMENT,ISOMKSPRO32031,,ABV,8310016169309,N,,,,09/14/2026,ISOM,,,,,PROACTIVE,N,Y,Y,,5,3.33
KURTZ STREET INVESTMENTS,ISOMKURTZ31226,,ABV,8310016262229,N,,,,09/14/2026,ISOM,,,,,PROACTIVE,N,Y,Y,,5,3.33
"Kaga (u.s.a.), Inc.",ISOMKaga(31660,,ABV,8310015782742,N,,,,09/14/2026,ISOM,,,,,PROACTIVE,N,Y,Y,,5,3.33
Kang Kang Shau May Restaurant,ISOMKangK31139,,ABV,8310015876779,N,,,,09/14/2026,ISOM,,,,,PROACTIVE,N,Y,Y,,5,3.33
Kapital Alameda LLC,ISOMKapit31737,,ABV,8310016094570,N,,,,09/14/2026,ISOM,,,,,PROACTIVE,N,Y,Y,,5,3.33
Kathleen Welsh MD PC,ISOMKathl32651,,ABV,8310016116075,N,,,,09/14/2026,ISOM,,,,,PROACTIVE,N,Y,Y,,5,3.33
Kemper Corporation Service,ISOMKempe32427,,ABV,8310016220592,N,,,,09/14/2026,ISOM,,,,,PROACTIVE,N,Y,Y,,5,3.33
Kettner Crossing LP,ISOMKettn31581,,ABV,8310015514086,N,,,,09/14/2026,ISOM,,,,,PROACTIVE,N,Y,Y,,5,3.33
Kf T Properties,ISOMKfTPr31701,,ABV,8310015885764,N,,,,09/14/2026,ISOM,,,,,PROACTIVE,N,Y,Y,,5,3.33
Kf T Properties,ISOMKfTPr32152,,ABV,8310015586396,N,,,,09/14/2026,ISOM,,,,,PROACTIVE,N,Y,Y,,5,3.33
Kf T Properties,ISOMKfTPr32268,,ABV,8310015958883,N,,,,09/14/2026,ISOM,,,,,PROACTIVE,N,Y,Y,,5,3.33
Kf T Properties,ISOMKfTPr32757,,ABV,8310015720228,N,,,,09/14/2026,ISOM,,,,,PROACTIVE,N,Y,Y,,5,3.33
Klump Apartments,ISOMKlump31083,,ABV,8310015712623,N,,,,09/14/2026,ISOM,,,,,PROACTIVE,N,Y,Y,,5,3.33
Kwml,ISOMKwml32011,,ABV,8310016125354,N,,,,09/14/2026,ISOM,,,,,PROACTIVE,N,Y,Y,,5,3.33
LAFAYETTE TERRACE LLC,ISOMLAFAY31618,,ABV,8310015663006,N,,,,09/14/2026,ISOM,,,,,PROACTIVE,N,Y,Y,,5,3.33
LAFAYETTE AUTO REPAIR,ISOMLAFAY32167,,ABV,8310015614285,N,,,,09/14/2026,ISOM,,,,,PROACTIVE,N,Y,Y,,5,3.33
LA FONTAINE OWNER ASSC,ISOMLAFON31266,,ABV,8310016316945,N,,,,09/14/2026,ISOM,,,,,PROACTIVE,N,Y,Y,,5,3.33
LAGUNA SHORES HOA CO PROP ADVANTAGE,ISOMLAGUN31281,,ABV,8310016145707,N,,,,09/14/2026,ISOM,,,,,PROACTIVE,N,Y,Y,,5,3.33
LAKE COUNTY TRIBAL HEALTH,ISOMLAKEC32162,,ABV,8310015611282,N,,,,09/14/2026,ISOM,,,,,PROACTIVE,N,Y,Y,,5,3.33
LAKEHURST RESIDENTIAL HOTEL,ISOMLAKEH32349,,ABV,8310016306102,N,,,,09/14/2026,ISOM,,,,,PROACTIVE,N,Y,Y,,5,3.33
LAKE OAKS SENIOR MOBILE HOME COMMUNITY,ISOMLAKEO31333,,ABV,8310016354319,N,,,,09/14/2026,ISOM,,,,,PROACTIVE,N,Y,Y,,5,3.33
LAKESHORE LEARNING,ISOMLAKES31888,,ABV,8310016305255,N,,,,09/14/2026,ISOM,,,,,PROACTIVE,N,Y,Y,,5,3.33
LAND 2 LLC,ISOMLAND232828,,ABV,8310015859925,N,,,,09/14/2026,ISOM,,,,,PROACTIVE,N,Y,Y,,5,3.33
LANDON INVESTMENT COMPANY,ISOMLANDO31248,,ABV,8310016173542,N,,,,09/14/2026,ISOM,,,,,PROACTIVE,N,Y,Y,,5,3.33
LANKERSHIM LA APARTMENT LLC,ISOMLANKE31368,,ABV,8310015730453,N,,,,09/14/2026,ISOM,,,,,PROACTIVE,N,Y,Y,,5,3.33
LA RETAIL 1 LLC,ISOMLARET31691,,ABV,8310015932901,N,,,,09/14/2026,ISOM,,,,,PROACTIVE,N,Y,Y,,5,3.33
LA RETAIL 1 LLC,ISOMLARET31973,,ABV,8310015932984,N,,,,09/14/2026,ISOM,,,,,PROACTIVE,N,Y,Y,,5,3.33
LAUREL BLISS HOA,ISOMLAURE32193,,ABV,8310015724408,N,,,,09/14/2026,ISOM,,,,,PROACTIVE,N,Y,Y,,5,3.33
LBJ & HMP JOINT VENTURE,ISOMLBJHM31881,,ABV,8310016365062,N,,,,09/14/2026,ISOM,,,,,PROACTIVE,N,Y,Y,,5,3.33
LCB ASSOCIATES LLC,ISOMLCBAS31960,,ABV,8310015883270,N,,,,09/14/2026,ISOM,,,,,PROACTIVE,N,Y,Y,,5,3.33
LCB ASSOCIATES LLC,ISOMLCBAS31980,,ABV,8310016090685,N,,,,09/14/2026,ISOM,,,,,PROACTIVE,N,Y,Y,,5,3.33
L C B Associates,ISOMLCBAs32823,,ABV,8310015883264,N,,,,09/14/2026,ISOM,,,,,PROACTIVE,N,Y,Y,,5,3.33
L C NELSON & SON INC,ISOMLCNEL31297,,ABV,8310016351796,N,,,,09/14/2026,ISOM,,,,,PROACTIVE,N,Y,Y,,5,3.33
LE-JO INC,ISOMLE-JO31555,,ABV,8310016387163,N,,,,09/14/2026,ISOM,,,,,PROACTIVE,N,Y,Y,,5,3.33
LEBARON'S FINE ART,ISOMLEBAR31225,,ABV,8310016262151,N,,,,09/14/2026,ISOM,,,,,PROACTIVE,N,Y,Y,,5,3.33
LEGACY TRANSPORTATION,ISOMLEGAC32482,,ABV,8310015737014,N,,,,09/14/2026,ISOM,,,,,PROACTIVE,N,Y,Y,,5,3.33
LEI WU DBA MISSION,ISOMLEIWU31689,,ABV,8310015886706,N,,,,09/14/2026,ISOM,,,,,PROACTIVE,N,Y,Y,,5,3.33
LENZINI NOHO,ISOMLENZI31873,,ABV,8310016375262,N,,,,09/14/2026,ISOM,,,,,PROACTIVE,N,Y,Y,,5,3.33
LEO BRAUN DBA,ISOMLEOBR31386,,ABV,8310015782679,N,,,,09/14/2026,ISOM,,,,,PROACTIVE,N,Y,Y,,5,3.33
LE POINTE PREMIER CO,ISOMLEPOI32321,,ABV,8310016042160,N,,,,09/14/2026,ISOM,,,,,PROACTIVE,N,Y,Y,,5,3.33
LETTY YEE,ISOMLETTY31313,,ABV,8310016187510,N,,,,09/14/2026,ISOM,,,,,PROACTIVE,N,Y,Y,,5,3.33
LGB INC,ISOMLGBIN31009,,ABV,8310015551881,N,,,,09/14/2026,ISOM,,,,,PROACTIVE,N,Y,Y,,5,3.33
LIEN PHAM,ISOMLIENP31640,,ABV,8310015620107,N,,,,09/14/2026,ISOM,,,,,PROACTIVE,N,Y,Y,,5,3.33
LIFEHOUSE AGENCY INC,ISOMLIFEH32406,,ABV,8310016345338,N,,,,09/14/2026,ISOM,,,,,PROACTIVE,N,Y,Y,,5,3.33
LINCOLN VILLAGE C O THE REMM GROUP,ISOMLINCO31191,,ABV,8310016078504,N,,,,09/14/2026,ISOM,,,,,PROACTIVE,N,Y,Y,,5,3.33
LINCOLN ANAHEIM HOUSING,ISOMLINCO32693,,ABV,8310015505370,N,,,,09/14/2026,ISOM,,,,,PROACTIVE,N,Y,Y,,5,3.33
LISA LE,ISOMLISAL31934,,ABV,8310015895260,N,,,,09/14/2026,ISOM,,,,,PROACTIVE,N,Y,Y,,5,3.33
LIVERMORE SOFTWARE TECHNOLOGY CORP,ISOMLIVER31366,,ABV,8310015753421,N,,,,09/14/2026,ISOM,,,,,PROACTIVE,N,Y,Y,,5,3.33
L & M MGMT ENT INC,ISOMLMMGM31664,,ABV,8310015792694,N,,,,09/14/2026,ISOM,,,,,PROACTIVE,N,Y,Y,,5,3.33
L & M MGMT ENT INC,ISOMLMMGM32211,,ABV,8310015792675,N,,,,09/14/2026,ISOM,,,,,PROACTIVE,N,Y,Y,,5,3.33
LOBERN LP 2320 C%O LB PROPERTY MGMNT,ISOMLOBER31346,,ABV,8310016369196,N,,,,09/14/2026,ISOM,,,,,PROACTIVE,N,Y,Y,,5,3.33
LODI HONDA INC,ISOMLODIH31906,,ABV,8310015729702,N,,,,09/14/2026,ISOM,,,,,PROACTIVE,N,Y,Y,,5,3.33
LOLLIPOP LAND COMP LLC,ISOMLOLLI31221,,ABV,8310016259098,N,,,,09/14/2026,ISOM,,,,,PROACTIVE,N,N,Y,,5,3.33
LOMA PACIFIC HOA,ISOMLOMAP32387,,ABV,8310016318173,N,,,,09/14/2026,ISOM,,,,,PROACTIVE,N,Y,Y,,5,3.33
LOMITA AVENUE PROPERTY LLC,ISOMLOMIT32449,,ABV,8310016356987,N,,,,09/14/2026,ISOM,,,,,PROACTIVE,N,Y,Y,,5,3.33
LOWRIE AVENUE LLC,ISOMLOWRI32814,,ABV,8310015896989,N,,,,09/14/2026,ISOM,,,,,PROACTIVE,N,Y,Y,,5,3.33
LPN PROPERTIES LLC,ISOMLPNPR31780,,ABV,8310016122280,N,,,,09/14/2026,ISOM,,,,,PROACTIVE,N,Y,Y,,5,3.33
LUMINA BY AFFIRMED HOUSING,ISOMLUMIN31053,,ABV,8310015629549,N,,,,09/14/2026,ISOM,,,,,PROACTIVE,N,Y,Y,,5,3.33
LUMPY''S DINER,ISOMLUMPY32674,,ABV,8310015340149,N,,,,09/14/2026,ISOM,,,,,PROACTIVE,N,Y,Y,,5,3.33
LUNA @ TERRA SERENA,ISOMLUNAT31155,,ABV,8310015962787,N,,,,09/14/2026,ISOM,,,,,PROACTIVE,N,N,Y,,5,3.33
LUNDY PLAZA II,ISOMLUNDY31743,,ABV,8310016043092,N,,,,09/14/2026,ISOM,,,,,PROACTIVE,N,Y,Y,,5,3.33
LUX AUTO INC,ISOMLUXAU31959,,ABV,8310016146465,N,,,,09/14/2026,ISOM,,,,,PROACTIVE,N,Y,Y,,5,3.33
LUXURY FOODS INC,ISOMLUXUR31332,,ABV,8310016345752,N,,,,09/14/2026,ISOM,,,,,PROACTIVE,N,Y,Y,,5,3.33
LYDON CAPRI APTS,ISOMLYDON31730,,ABV,8310015933255,N,,,,09/14/2026,ISOM,,,,,PROACTIVE,N,Y,Y,,5,3.33
La Alameda LLC,ISOMLaAla32060,,ABV,8310016372932,N,,,,09/14/2026,ISOM,,,,,PROACTIVE,N,Y,Y,,5,3.33
"La Familia Counseling Center, Inc.",ISOMLaFam32270,,ABV,8310015962995,N,,,,09/14/2026,ISOM,,,,,PROACTIVE,N,Y,Y,,5,3.33
La Real Estate Investments LLC,ISOMLaRea31694,,ABV,8310015896831,N,,,,09/14/2026,ISOM,,,,,PROACTIVE,N,Y,Y,,5,3.33
Lambert Association LLC,ISOMLambe31643,,ABV,8310015603430,N,,,,09/14/2026,ISOM,,,,,PROACTIVE,N,Y,Y,,5,3.33
"Langton Street Associates, LLC",ISOMLangt32719,,ABV,8310015664804,N,,,,09/14/2026,ISOM,,,,,PROACTIVE,N,Y,Y,,5,3.33
Lat Group Inc,ISOMLatGr31429,,ABV,8310015880423,N,,,,09/14/2026,ISOM,,,,,PROACTIVE,N,Y,Y,,5,3.33
Lat Group ABVs 2425 La Brucherie,ISOMLatGr32418,,ABV,8310016184088,N,,,,09/14/2026,ISOM,,,,,PROACTIVE,N,Y,Y,,5,3.33
Lat Group Inc,ISOMLatGr32810,,ABV,8310015920092,N,,,,09/14/2026,ISOM,,,,,PROACTIVE,N,Y,Y,,5,3.33
"Lavish Clothing, Inc.",ISOMLavis31412,,ABV,8310015712344,N,,,,09/14/2026,ISOM,,,,,PROACTIVE,N,Y,Y,,5,3.33
Law Offices of Wesley R Sklark,ISOMLawOf32463,,ABV,8310016271461,N,,,,09/14/2026,ISOM,,,,,PROACTIVE,N,Y,Y,,5,3.33
Lee Isaacson Property Management,ISOMLeeIs32778,,ABV,8310015774622,N,,,,09/14/2026,ISOM,,,,,PROACTIVE,N,Y,Y,,5,3.33
Legal Services of Northern California,ISOMLegal32087,,ABV,8310016407243,N,,,,09/14/2026,ISOM,,,,,PROACTIVE,N,Y,Y,,5,3.33
Legal Services of Northern California,ISOMLegal32666,,ABV,8310016407249,N,,,,09/14/2026,ISOM,,,,,PROACTIVE,N,Y,Y,,5,3.33
"Level 10 Construction, LP",ISOMLevel31548,,ABV,8310016107730,N,,,,09/14/2026,ISOM,,,,,PROACTIVE,N,Y,Y,,5,3.33
Lexham Olive LLC,ISOMLexha31715,,ABV,8310015962910,N,,,,09/14/2026,ISOM,,,,,PROACTIVE,N,Y,Y,,5,3.33
Lido Apartments,ISOMLidoA31244,,ABV,8310016137422,N,,,,09/14/2026,ISOM,,,,,PROACTIVE,N,Y,Y,,5,3.33
Lido Apartments,ISOMLidoA31549,,ABV,8310016394919,N,,,,09/14/2026,ISOM,,,,,PROACTIVE,N,Y,Y,,5,3.33
Lido Apartments,ISOMLidoA32392,,ABV,8310016314724,N,,,,09/14/2026,ISOM,,,,,PROACTIVE,N,Y,Y,,5,3.33
Lighthouse For The Blind and Visually Impaired,ISOMLight32100,,ABV,8310015453998,N,,,,09/14/2026,ISOM,,,,,PROACTIVE,N,Y,Y,,5,3.33
Limos By Moonlight,ISOMLimos31273,,ABV,8310016314499,N,,,,09/14/2026,ISOM,,,,,PROACTIVE,N,Y,Y,,5,3.33
Linda Vista Children's Center,ISOMLinda31349,,ABV,8310016369492,N,,,,09/14/2026,ISOM,,,,,PROACTIVE,N,Y,Y,,5,3.33
Linne Calodo,ISOMLinne32317,,ABV,8310016254298,N,,,,09/14/2026,ISOM,,,,,PROACTIVE,N,Y,Y,,5,3.33
"Linoleum City, Inc.",ISOMLinol32240,,ABV,8310015806954,N,,,,09/14/2026,ISOM,,,,,PROACTIVE,N,Y,Y,,5,3.33
Lisa Tuyet Le,ISOMLisaT31517,,ABV,8310015880560,N,,,,09/14/2026,ISOM,,,,,PROACTIVE,N,Y,Y,,5,3.33
Los Grullenses,ISOMLosGr31451,,ABV,8310016222716,N,,,,09/14/2026,ISOM,,,,,PROACTIVE,N,Y,Y,,5,3.33
Los Lopez Mexican Food LLC,ISOMLosLo31969,,ABV,8310016228856,N,,,,09/14/2026,ISOM,,,,,PROACTIVE,N,Y,Y,,5,3.33
LosPrimos,ISOMLosPr32127,,ABV,8310015560447,N,,,,09/14/2026,ISOM,,,,,PROACTIVE,N,Y,Y,,5,3.33
"Lotus & Windoware, Inc.",ISOMLotus31846,,ABV,8310015778693,N,,,,09/14/2026,ISOM,,,,,PROACTIVE,N,Y,Y,,5,3.33
Loving Seed Kingsburg Phone,ISOMLovin31794,,ABV,8310016311013,N,,,,09/14/2026,ISOM,,,,,PROACTIVE,N,Y,Y,,5,3.33
Lugene Green,ISOMLugen32622,,ABV,8310016177128,N,,,,09/14/2026,ISOM,,,,,PROACTIVE,N,Y,Y,,5,3.33
Lumberjacks Restaurant,ISOMLumbe31611,,ABV,8310015582907,N,,,,09/14/2026,ISOM,,,,,PROACTIVE,N,Y,Y,,5,3.33
"Lutheran Church of The Cross of Laguna Hills, California",ISOMLuthe31418,,ABV,8310016180219,N,,,,09/14/2026,ISOM,,,,,PROACTIVE,N,Y,Y,,5,3.33
"M. D. Atkinson Company, Inc.",ISOMM.D.A32620,,ABV,8310016180438,N,,,,09/14/2026,ISOM,,,,,PROACTIVE,N,Y,Y,,5,3.33
"M4 Management, Inc.",ISOMM4Man31830,,ABV,8310016225179,N,,,,09/14/2026,ISOM,,,,,PROACTIVE,N,N,Y,,5,3.33
MACHINERY MANAGEMENT INC,ISOMMACHI31673,,ABV,8310015743452,N,,,,09/14/2026,ISOM,,,,,PROACTIVE,N,Y,Y,,5,3.33
MACRO PLASTICS INC,ISOMMACRO31395,,ABV,8310015728599,N,,,,09/14/2026,ISOM,,,,,PROACTIVE,N,Y,Y,,5,3.33
MADISON SQUARE PROF CENTER,ISOMMADIS32681,,ABV,8310015490706,N,,,,09/14/2026,ISOM,,,,,PROACTIVE,N,Y,Y,,5,3.33
MAGNOLIA LANE HOA,ISOMMAGNO32002,,ABV,8310016299173,N,,,,09/14/2026,ISOM,,,,,PROACTIVE,N,Y,Y,,5,3.33
MAIDU INVESTMENTS LLC,ISOMMAIDU32149,,ABV,8310015568116,N,,,,09/14/2026,ISOM,,,,,PROACTIVE,N,Y,Y,,5,3.33
MAKEUP SHE INC,ISOMMAKEU31840,,ABV,8310016095005,N,,,,09/14/2026,ISOM,,,,,PROACTIVE,N,Y,Y,,5,3.33
MALEK PROPERTY MGMNT INC,ISOMMALEK31250,,ABV,8310016158959,N,,,,09/14/2026,ISOM,,,,,PROACTIVE,N,Y,Y,,5,3.33
MALEK PROPERTY MGMNT INC,ISOMMALEK32533,,ABV,8310016195688,N,,,,09/14/2026,ISOM,,,,,PROACTIVE,N,Y,Y,,5,3.33
MALIBU CLOTHES,ISOMMALIB31258,,ABV,8310016159403,N,,,,09/14/2026,ISOM,,,,,PROACTIVE,N,Y,Y,,5,3.33
MANASS BG,ISOMMANAS31447,,ABV,8310016208779,N,,,,09/14/2026,ISOM,,,,,PROACTIVE,N,Y,Y,,5,3.33
MANASS BG,ISOMMANAS32035,,ABV,8310016164592,N,,,,09/14/2026,ISOM,,,,,PROACTIVE,N,Y,Y,,5,3.33
MARGUERITE ANGERMAN DBA,ISOMMARGU32128,,ABV,8310015560685,N,,,,09/14/2026,ISOM,,,,,PROACTIVE,N,Y,Y,,5,3.33
MARIANI SQUARE HOA LOFT,ISOMMARIA31280,,ABV,8310016138882,N,,,,09/14/2026,ISOM,,,,,PROACTIVE,N,Y,Y,,5,3.33
MARIA AMADOR,ISOMMARIA32265,,ABV,8310015964609,N,,,,09/14/2026,ISOM,,,,,PROACTIVE,N,Y,Y,,5,3.33
MARIN HOME CENTER,ISOMMARIN32820,,ABV,8310015893171,N,,,,09/14/2026,ISOM,,,,,PROACTIVE,N,Y,Y,,5,3.33
MARK NOMI,ISOMMARKN31533,,ABV,8310016367245,N,,,,09/14/2026,ISOM,,,,,PROACTIVE,N,Y,Y,,5,3.33
MARK NOMI,ISOMMARKN32501,,ABV,8310015825528,N,,,,09/14/2026,ISOM,,,,,PROACTIVE,N,Y,Y,,5,3.33
MARKWOOD ENTERPRISE INC,ISOMMARKW31309,,ABV,8310016326799,N,,,,09/14/2026,ISOM,,,,,PROACTIVE,N,Y,Y,,5,3.33
MARRC DBA RAND TECHNOLOGY,ISOMMARRC32599,,ABV,8310016244788,N,,,,09/14/2026,ISOM,,,,,PROACTIVE,N,Y,Y,,5,3.33
MAR VISTA BERRY FARMS INC,ISOMMARVI30996,,ABV,8310015523663,N,,,,09/14/2026,ISOM,,,,,PROACTIVE,N,Y,Y,,5,3.33
MARY HU,ISOMMARYH32006,,ABV,8310016200191,N,,,,09/14/2026,ISOM,,,,,PROACTIVE,N,Y,Y,,5,3.33
MARY J BENGTSON,ISOMMARYJ32045,,ABV,8310016187400,N,,,,09/14/2026,ISOM,,,,,PROACTIVE,N,Y,Y,,5,3.33
MARY PARENTE DBA MESA TECH,ISOMMARYP31968,,ABV,8310015965836,N,,,,09/14/2026,ISOM,,,,,PROACTIVE,N,Y,Y,,5,3.33
MASONIC TEMPLES,ISOMMASON31869,,ABV,8310016363263,N,,,,09/14/2026,ISOM,,,,,PROACTIVE,N,Y,Y,,5,3.33
MASTER PRECISION MACHNG,ISOMMASTE31699,,ABV,8310015922813,N,,,,09/14/2026,ISOM,,,,,PROACTIVE,N,Y,Y,,5,3.33
MAYRA PROPERTY MANAGEMENT,ISOMMAYRA31832,,ABV,8310016165170,N,,,,09/14/2026,ISOM,,,,,PROACTIVE,N,Y,Y,,5,3.33
M&B BRUNO FAMILY LP,ISOMMBBRU31678,,ABV,8310015858940,N,,,,09/14/2026,ISOM,,,,,PROACTIVE,N,Y,Y,,5,3.33
M&C PROD ANLYSIS TECH INC,ISOMMCPRO32185,,ABV,8310015720667,N,,,,09/14/2026,ISOM,,,,,PROACTIVE,N,Y,Y,,5,3.33
MCP SOCAL INDUSTRIAL,ISOMMCPSO31724,,ABV,8310015940613,N,,,,09/14/2026,ISOM,,,,,PROACTIVE,N,Y,Y,,5,3.33
MEDREACH AMBULANCE,ISOMMEDRE31922,,ABV,8310015804889,N,,,,09/14/2026,ISOM,,,,,PROACTIVE,N,Y,Y,,5,3.33
MEMORIAL MED PLAZA,ISOMMEMOR32680,,ABV,8310015490488,N,,,,09/14/2026,ISOM,,,,,PROACTIVE,N,Y,Y,,5,3.33
MENLO LAND & CAPITAL V LLC,ISOMMENLO31123,,ABV,8310015912754,N,,,,09/14/2026,ISOM,,,,,PROACTIVE,N,Y,Y,,5,3.33
"MENLO LAND & CAPITAL V,LLC",ISOMMENLO31410,,ABV,8310016125323,N,,,,09/14/2026,ISOM,,,,,PROACTIVE,N,Y,Y,,5,3.33
"MENLO LAND & CAPITAL V,LLC",ISOMMENLO32701,,ABV,8310015554790,N,,,,09/14/2026,ISOM,,,,,PROACTIVE,N,Y,Y,,5,3.33
MERKADO SAN FRANCISCO,ISOMMERKA31270,,ABV,8310016312685,N,,,,09/14/2026,ISOM,,,,,PROACTIVE,N,Y,Y,,5,3.33
MERLIN CORPORATE OFFICE,ISOMMERLI32424,,ABV,8310016224927,N,,,,09/14/2026,ISOM,,,,,PROACTIVE,N,Y,Y,,5,3.33
METRO OWNERS ASSOCITATION,ISOMMETRO31164,,ABV,8310015940831,N,,,,09/14/2026,ISOM,,,,,PROACTIVE,N,N,Y,,5,3.33
METRO OWNERS ASSOCITATION,ISOMMETRO31824,,ABV,8310016334509,N,,,,09/14/2026,ISOM,,,,,PROACTIVE,N,Y,Y,,5,3.33
METRO OWNERS ASSOCITATION,ISOMMETRO32208,,ABV,8310015786734,N,,,,09/14/2026,ISOM,,,,,PROACTIVE,N,N,Y,,5,3.33
METRO OWNERS ASSOCITATION,ISOMMETRO32252,,ABV,8310015859397,N,,,,09/14/2026,ISOM,,,,,PROACTIVE,N,N,Y,,5,3.33
METRO OWNERS ASSOCITATION,ISOMMETRO32281,,ABV,8310015933361,N,,,,09/14/2026,ISOM,,,,,PROACTIVE,N,N,Y,,5,3.33
METRO CRESCENT,ISOMMETRO32678,,ABV,8310015453417,N,,,,09/14/2026,ISOM,,,,,PROACTIVE,N,Y,Y,,5,3.33
METRO OWNERS ASSOCITATION,ISOMMETRO32844,,ABV,8310015933407,N,,,,09/14/2026,ISOM,,,,,PROACTIVE,N,N,Y,,5,3.33
MEYER FAMILY ENTERPRISES,ISOMMEYER32558,,ABV,8310016220903,N,,,,09/14/2026,ISOM,,,,,PROACTIVE,N,Y,Y,,5,3.33
M&F Properties care of SCMI,ISOMMFPro31151,,ABV,8310015976761,N,,,,09/14/2026,ISOM,,,,,PROACTIVE,N,Y,Y,,5,3.33
MGM Drywall Inc.,ISOMMGMDr31364,,ABV,8310015774521,N,,,,09/14/2026,ISOM,,,,,PROACTIVE,N,Y,Y,,5,3.33
MICHAEL ROUX,ISOMMICHA31964,,ABV,8310015806987,N,,,,09/14/2026,ISOM,,,,,PROACTIVE,N,Y,Y,,5,3.33
MICHAEL KROUSE-500 DIVISADERO ST-1,ISOMMICHA32089,,ABV,8310015181255,N,,,,09/14/2026,ISOM,,,,,PROACTIVE,N,Y,Y,,5,3.33
MICHAEL A HEARN,ISOMMICHA32143,,ABV,8310015669525,N,,,,09/14/2026,ISOM,,,,,PROACTIVE,N,Y,Y,,5,3.33
MID VALLEY AGRICULTURAL SERVICES,ISOMMIDVA32590,,ABV,8310016130183,N,,,,09/14/2026,ISOM,,,,,PROACTIVE,N,Y,Y,,5,3.33
MID VALLEY AGRICULTURAL SERVICES,ISOMMIDVA32591,,ABV,8310016130191,N,,,,09/14/2026,ISOM,,,,,PROACTIVE,N,Y,Y,,5,3.33
"MIKE HESS BREWING CO, LLC",ISOMMIKEH32728,,ABV,8310015612861,N,,,,09/14/2026,ISOM,,,,,PROACTIVE,N,Y,Y,,5,3.33
MIKE ROCHE INC-8445 ATLANTIC AVE-1,ISOMMIKER31565,,ABV,8310015301223,N,,,,09/14/2026,ISOM,,,,,PROACTIVE,N,Y,Y,,5,3.33
MILESTONZ JEWELRY INC,ISOMMILES32237,,ABV,8310015815563,N,,,,09/14/2026,ISOM,,,,,PROACTIVE,N,Y,Y,,5,3.33
MILLENIUM EQUITIES LLC,ISOMMILLE31145,,ABV,8310015882772,N,,,,09/14/2026,ISOM,,,,,PROACTIVE,N,Y,Y,,5,3.33
MILTON G VRIONIS,ISOMMILTO32311,,ABV,8310016252411,N,,,,09/14/2026,ISOM,,,,,PROACTIVE,N,Y,Y,,5,3.33
MINACT INC.,ISOMMINAC32287,,ABV,8310016099857,N,,,,09/14/2026,ISOM,,,,,PROACTIVE,N,N,Y,,5,3.33
MIRAMAR TERRACE,ISOMMIRAM32644,,ABV,8310016067971,N,,,,09/14/2026,ISOM,,,,,PROACTIVE,N,Y,Y,,5,3.33
MIRAMAR TERRACE,ISOMMIRAM32749,,ABV,8310015716861,N,,,,09/14/2026,ISOM,,,,,PROACTIVE,N,Y,Y,,5,3.33
MISSION GORGE ANIMAL HOSPITAL,ISOMMISSI32271,,ABV,8310015608279,N,,,,09/14/2026,ISOM,,,,,PROACTIVE,N,Y,Y,,5,3.33
MITCH SURF SHOP,ISOMMITCH31017,,ABV,8310015534631,N,,,,09/14/2026,ISOM,,,,,PROACTIVE,N,N,Y,,5,3.33
MITCH SURF SHOP,ISOMMITCH32708,,ABV,8310015534632,N,,,,09/14/2026,ISOM,,,,,PROACTIVE,N,Y,Y,,5,3.33
"M & J Develop Group, LLC",ISOMMJDev32075,,ABV,8310016117066,N,,,,09/14/2026,ISOM,,,,,PROACTIVE,N,Y,Y,,5,3.33
M J SEAFOOD,ISOMMJSEA31666,,ABV,8310015756956,N,,,,09/14/2026,ISOM,,,,,PROACTIVE,N,Y,Y,,5,3.33
M & M MINI MARKET ZAMIRI,ISOMMMMIN31387,,ABV,8310015782728,N,,,,09/14/2026,ISOM,,,,,PROACTIVE,N,Y,Y,,5,3.33
MOBILEHOME COMMUNITIES OF AMER,ISOMMOBIL32372,,ABV,8310016171824,N,,,,09/14/2026,ISOM,,,,,PROACTIVE,N,Y,Y,,5,3.33
MODY PUMPS,ISOMMODYP32264,,ABV,8310015958075,N,,,,09/14/2026,ISOM,,,,,PROACTIVE,N,Y,Y,,5,3.33
MOM'S PLACE LLC,ISOMMOM'S30999,,ABV,8310015511226,N,,,,09/14/2026,ISOM,,,,,PROACTIVE,N,Y,Y,,5,3.33
MON AMIE INC,ISOMMONAM32374,,ABV,8310016157269,N,,,,09/14/2026,ISOM,,,,,PROACTIVE,N,Y,Y,,5,3.33
MONTERRA CREDIT UNION,ISOMMONTE31068,,ABV,8310015734814,N,,,,09/14/2026,ISOM,,,,,PROACTIVE,N,Y,Y,,5,3.33
MONTEREY CHIROPRACTIC CARE,ISOMMONTE31711,,ABV,8310015875959,N,,,,09/14/2026,ISOM,,,,,PROACTIVE,N,Y,Y,,5,3.33
MONTERRA CREDIT UNION,ISOMMONTE32479,,ABV,8310015734816,N,,,,09/14/2026,ISOM,,,,,PROACTIVE,N,Y,Y,,5,3.33
MONTGOMERY FISHER,ISOMMONTG31597,,ABV,8310015547157,N,,,,09/14/2026,ISOM,,,,,PROACTIVE,N,Y,Y,,5,3.33
MONTY'S AUTOMOTIVE,ISOMMONTY31763,,ABV,8310016235604,N,,,,09/14/2026,ISOM,,,,,PROACTIVE,N,Y,Y,,5,3.33
MOSSER COMPANIES INC,ISOMMOSSE32610,,ABV,8310016144674,N,,,,09/14/2026,ISOM,,,,,PROACTIVE,N,Y,Y,,5,3.33
MOTOR MOTION AUTO REPAIR,ISOMMOTOR31170,,ABV,8310015946556,N,,,,09/14/2026,ISOM,,,,,PROACTIVE,N,Y,Y,,5,3.33
MOUNTAIN TOWING INC,ISOMMOUNT32071,,ABV,8310016111209,N,,,,09/14/2026,ISOM,,,,,PROACTIVE,N,Y,Y,,5,3.33
MOVIOLA,ISOMMOVIO31784,,ABV,8310016266364,N,,,,09/14/2026,ISOM,,,,,PROACTIVE,N,Y,Y,,5,3.33
MOWRY CONDO ASSOCIATION,ISOMMOWRY31168,,ABV,8310015952797,N,,,,09/14/2026,ISOM,,,,,PROACTIVE,N,Y,Y,,5,3.33
MOWRY CONDO ASSOCIATION,ISOMMOWRY31169,,ABV,8310015952803,N,,,,09/14/2026,ISOM,,,,,PROACTIVE,N,Y,Y,,5,3.33
"MPK Menlo Park Operations, LLC",ISOMMPKMe31163,,ABV,8310015934201,N,,,,09/14/2026,ISOM,,,,,PROACTIVE,N,Y,Y,,5,3.33
MPLC PARTNERS INC,ISOMMPLCP31249,,ABV,8310016166383,N,,,,09/14/2026,ISOM,,,,,PROACTIVE,N,Y,Y,,5,3.33
MPLC PARTNERS INC,ISOMMPLCP32549,,ABV,8310015972426,N,,,,09/14/2026,ISOM,,,,,PROACTIVE,N,Y,Y,,5,3.33
MRKTPLACE AT HOLLYWOOD,ISOMMRKTP31990,,ABV,8310016304928,N,,,,09/14/2026,ISOM,,,,,PROACTIVE,N,Y,Y,,5,3.33
"MRMG PROPERTIES, LP",ISOMMRMGP31445,,ABV,8310016208436,N,,,,09/14/2026,ISOM,,,,,PROACTIVE,N,Y,Y,,5,3.33
"MRMG PROPERTIES, LP",ISOMMRMGP32602,,ABV,8310016206373,N,,,,09/14/2026,ISOM,,,,,PROACTIVE,N,Y,Y,,5,3.33
MURCO MANAGEMENT INC,ISOMMURCO32216,,ABV,8310015764881,N,,,,09/14/2026,ISOM,,,,,PROACTIVE,N,Y,Y,,5,3.33
MYUNG GA,ISOMMYUNG32001,,ABV,8310016284571,N,,,,09/14/2026,ISOM,,,,,PROACTIVE,N,Y,Y,,5,3.33
Mac Industries,ISOMMacIn31998,,ABV,8310016303407,N,,,,09/14/2026,ISOM,,,,,PROACTIVE,N,Y,Y,,5,3.33
"Macarthur Pacific Plaza Associates, LLC",ISOMMacar32648,,ABV,8310016359189,N,,,,09/14/2026,ISOM,,,,,PROACTIVE,N,Y,Y,,5,3.33
Madison Gojies LLC,ISOMMadis32261,,ABV,8310015893653,N,,,,09/14/2026,ISOM,,,,,PROACTIVE,N,Y,Y,,5,3.33
Madrona Medical Plaza,ISOMMadro32530,,ABV,8310015783269,N,,,,09/14/2026,ISOM,,,,,PROACTIVE,N,Y,Y,,5,3.33
Madrona Medical Plaza,ISOMMadro32807,,ABV,8310015783267,N,,,,09/14/2026,ISOM,,,,,PROACTIVE,N,Y,Y,,5,3.33
Makras Real Estate,ISOMMakra31087,,ABV,8310015694032,N,,,,09/14/2026,ISOM,,,,,PROACTIVE,N,Y,Y,,5,3.33
Makras Real Estate,ISOMMakra31407,,ABV,8310015694034,N,,,,09/14/2026,ISOM,,,,,PROACTIVE,N,Y,Y,,5,3.33
Makras Real Estate,ISOMMakra31709,,ABV,8310015860781,N,,,,09/14/2026,ISOM,,,,,PROACTIVE,N,Y,Y,,5,3.33
Makras Real Estate,ISOMMakra31801,,ABV,8310016124802,N,,,,09/14/2026,ISOM,,,,,PROACTIVE,N,Y,Y,,5,3.33
Makras Real Estate,ISOMMakra31912,,ABV,8310015694038,N,,,,09/14/2026,ISOM,,,,,PROACTIVE,N,Y,Y,,5,3.33
Makras Real Estate,ISOMMakra32203,,ABV,8310015694036,N,,,,09/14/2026,ISOM,,,,,PROACTIVE,N,Y,Y,,5,3.33
Makras Real Estate,ISOMMakra32488,,ABV,8310015694030,N,,,,09/14/2026,ISOM,,,,,PROACTIVE,N,Y,Y,,5,3.33
Makras Real Estate,ISOMMakra32496,,ABV,8310015860778,N,,,,09/14/2026,ISOM,,,,,PROACTIVE,N,Y,Y,,5,3.33
Malone-Mc Caw Partnership,ISOMMalon31544,,ABV,8310016438059,N,,,,09/14/2026,ISOM,,,,,PROACTIVE,N,Y,Y,,5,3.33
Manuel Concrete,ISOMManue32468,,ABV,8310016316849,N,,,,09/14/2026,ISOM,,,,,PROACTIVE,N,Y,Y,,5,3.33
Many Mansions,ISOMManyM31373,,ABV,8310015692927,N,,,,09/14/2026,ISOM,,,,,PROACTIVE,N,Y,Y,,5,3.33
"Mariani Nut Company, Inc.",ISOMMaria31949,,ABV,8310016177082,N,,,,09/14/2026,ISOM,,,,,PROACTIVE,N,Y,Y,,5,3.33
Marianist Center,ISOMMaria32467,,ABV,8310016306481,N,,,,09/14/2026,ISOM,,,,,PROACTIVE,N,Y,Y,,5,3.33
"Mariners Park Village Condominium Association, Inc.",ISOMMarin32109,,ABV,8310015517519,N,,,,09/14/2026,ISOM,,,,,PROACTIVE,N,Y,Y,,5,3.33
Mark S Lipian,ISOMMarkS32005,,ABV,8310016173735,N,,,,09/14/2026,ISOM,,,,,PROACTIVE,N,Y,Y,,5,3.33
Mark Stevenson,ISOMMarkS32126,,ABV,8310015551514,N,,,,09/14/2026,ISOM,,,,,PROACTIVE,N,Y,Y,,5,3.33
"Martin Commercial Group, Inc.",ISOMMarti31929,,ABV,8310015875926,N,,,,09/14/2026,ISOM,,,,,PROACTIVE,N,Y,Y,,5,3.33
"Martin Luther Tower, Inc.",ISOMMarti32448,,ABV,8310016375093,N,,,,09/14/2026,ISOM,,,,,PROACTIVE,N,Y,Y,,5,3.33
Mattress Outlet,ISOMMattr31698,,ABV,8310015896968,N,,,,09/14/2026,ISOM,,,,,PROACTIVE,N,Y,Y,,5,3.33
McCoy Plaza LP,ISOMMcCoy32249,,ABV,8310015930128,N,,,,09/14/2026,ISOM,,,,,PROACTIVE,N,Y,Y,,5,3.33
"McElvany, Inc.",ISOMMcElv32155,,ABV,8310015580998,N,,,,09/14/2026,ISOM,,,,,PROACTIVE,N,Y,Y,,5,3.33
McLeod Racing LLC,ISOMMcLeo31879,,ABV,8310016351727,N,,,,09/14/2026,ISOM,,,,,PROACTIVE,N,Y,Y,,5,3.33
Medical Asset Management,ISOMMedic31059,,ABV,8310015590343,N,,,,09/14/2026,ISOM,,,,,PROACTIVE,N,Y,Y,,5,3.33
Menlo College,ISOMMenlo31792,,ABV,8310016275422,N,,,,09/14/2026,ISOM,,,,,PROACTIVE,N,Y,Y,,5,3.33
Meridian Healthcare Corp.,ISOMMerid32763,,ABV,8310015703847,N,,,,09/14/2026,ISOM,,,,,PROACTIVE,N,Y,Y,,5,3.33
Metrocrust Pizza LLC,ISOMMetro31308,,ABV,8310016184349,N,,,,09/14/2026,ISOM,,,,,PROACTIVE,N,Y,Y,,5,3.33
Metrocrust Pizza LLC,ISOMMetro31357,,ABV,8310016315708,N,,,,09/14/2026,ISOM,,,,,PROACTIVE,N,Y,Y,,5,3.33
Metropolitan Interiors,ISOMMetro31938,,ABV,8310016132845,N,,,,09/14/2026,ISOM,,,,,PROACTIVE,N,Y,Y,,5,3.33
Midfirst Bank,ISOMMidfi31101,,ABV,8310015739676,N,,,,09/14/2026,ISOM,,,,,PROACTIVE,N,Y,Y,,5,3.33
Mike Ross Accounting Inc.,ISOMMikeR32256,,ABV,8310015871838,N,,,,09/14/2026,ISOM,,,,,PROACTIVE,N,Y,Y,,5,3.33
"Mike Thompson Recreational Vehicles, Colton",ISOMMikeT32713,,ABV,8310015675497,N,,,,09/14/2026,ISOM,,,,,PROACTIVE,N,Y,Y,,5,3.33
Mile Square Investors LLC,ISOMMileS32298,,ABV,8310016071012,N,,,,09/14/2026,ISOM,,,,,PROACTIVE,N,Y,Y,,5,3.33
Millenia Lot 19 Owner LLC,ISOMMille31807,,ABV,8310016159681,N,,,,09/14/2026,ISOM,,,,,PROACTIVE,N,Y,Y,,5,3.33
Milpitas,ISOMMilpi31175,,ABV,8310016089036,N,,,,09/14/2026,ISOM,,,,,PROACTIVE,N,Y,Y,,5,3.33
Mimosas Cafe LLC,ISOMMimos31140,,ABV,8310015879546,N,,,,09/14/2026,ISOM,,,,,PROACTIVE,N,Y,Y,,5,3.33
Mina Metals Co Inc,ISOMMinaM31106,,ABV,8310015770117,N,,,,09/14/2026,ISOM,,,,,PROACTIVE,N,Y,Y,,5,3.33
"Mirka Town Square La Costa, LLC",ISOMMirka32526,,ABV,8310016171640,N,,,,09/14/2026,ISOM,,,,,PROACTIVE,N,Y,Y,,5,3.33
Mod Pizza,ISOMModPi30994,,ABV,8310015498179,N,,,,09/14/2026,ISOM,,,,,PROACTIVE,N,Y,Y,,5,3.33
Moe's Plumbing,ISOMMoe's31380,,ABV,8310015856496,N,,,,09/14/2026,ISOM,,,,,PROACTIVE,N,Y,Y,,5,3.33
Mon Cargo Services Incorporated,ISOMMonCa32380,,ABV,8310016171632,N,,,,09/14/2026,ISOM,,,,,PROACTIVE,N,Y,Y,,5,3.33
"Mon Group California, Inc.",ISOMMonGr31393,,ABV,8310015880602,N,,,,09/14/2026,ISOM,,,,,PROACTIVE,N,Y,Y,,5,3.33
Monarch Group Management,ISOMMonar32102,,ABV,8310015488457,N,,,,09/14/2026,ISOM,,,,,PROACTIVE,N,Y,Y,,5,3.33
Monarch Group Management,ISOMMonar32542,,ABV,8310015812909,N,,,,09/14/2026,ISOM,,,,,PROACTIVE,N,Y,Y,,5,3.33
Moseley,ISOMMosel31514,,ABV,8310016202899,N,,,,09/14/2026,ISOM,,,,,PROACTIVE,N,Y,Y,,5,3.33
Mozzi S Saloon,ISOMMozzi32456,,ABV,8310016371315,N,,,,09/14/2026,ISOM,,,,,PROACTIVE,N,Y,Y,,5,3.33
Mrs Stevens Palm & Card Reader,ISOMMrsSt31553,,ABV,8310016396967,N,,,,09/14/2026,ISOM,,,,,PROACTIVE,N,Y,Y,,5,3.33
Murco Development Inc.,ISOMMurco32041,,ABV,8310016204822,N,,,,09/14/2026,ISOM,,,,,PROACTIVE,N,Y,Y,,5,3.33
Muslim Community Association of San Francisco Bay Area,ISOMMusli31895,,ABV,8310016241885,N,,,,09/14/2026,ISOM,,,,,PROACTIVE,N,Y,Y,,5,3.33
"Myers-Ward Tractor & Equipment, Inc.",ISOMMyers32023,,ABV,8310016140263,N,,,,09/14/2026,ISOM,,,,,PROACTIVE,N,Y,Y,,5,3.33
NATIONAL ASIAN AMERICAN COALIT,ISOMNATIO31261,,ABV,8310016156378,N,,,,09/14/2026,ISOM,,,,,PROACTIVE,N,Y,Y,,5,3.33
"NC Equipment Solutions, Inc.",ISOMNCEqu31963,,ABV,8310015801886,N,,,,09/14/2026,ISOM,,,,,PROACTIVE,N,Y,Y,,5,3.33
NEPTUNO INC,ISOMNEPTU32244,,ABV,8310015900451,N,,,,09/14/2026,ISOM,,,,,PROACTIVE,N,Y,Y,,5,3.33
NEW AVON COMPANY,ISOMNEWAV32021,,ABV,8310015743651,N,,,,09/14/2026,ISOM,,,,,PROACTIVE,N,Y,Y,,5,3.33
NEWBURG RETIREMENT,ISOMNEWBU31369,,ABV,8310015731771,N,,,,09/14/2026,ISOM,,,,,PROACTIVE,N,Y,Y,,5,3.33
"NEWPORT MEDICAL ARTS BUILDING , LLC",ISOMNEWPO31178,,ABV,8310016096065,N,,,,09/14/2026,ISOM,,,,,PROACTIVE,N,Y,Y,,5,3.33
NICHIREI SACRAMENTO FOODS CORP,ISOMNICHI32696,,ABV,8310015547136,N,,,,09/14/2026,ISOM,,,,,PROACTIVE,N,Y,Y,,5,3.33
NICHOLS FARMS,ISOMNICHO32068,,ABV,8310016432970,N,,,,09/14/2026,ISOM,,,,,PROACTIVE,N,Y,Y,,5,3.33
NICK SANCHEZ,ISOMNICKS31584,,ABV,8310015516154,N,,,,09/14/2026,ISOM,,,,,PROACTIVE,N,Y,Y,,5,3.33
NIDAL BARAKAT,ISOMNIDAL32147,,ABV,8310015570154,N,,,,09/14/2026,ISOM,,,,,PROACTIVE,N,Y,Y,,5,3.33
NORTHRIDGE COOP HOMES,ISOMNORTH31260,,ABV,8310016160909,N,,,,09/14/2026,ISOM,,,,,PROACTIVE,N,Y,Y,,5,3.33
NORTH BEACH RESIDENCES,ISOMNORTH31457,,ABV,8310016123604,N,,,,09/14/2026,ISOM,,,,,PROACTIVE,N,Y,Y,,5,3.33
NORTHERN PACIFIC,ISOMNORTH32275,,ABV,8310015947729,N,,,,09/14/2026,ISOM,,,,,PROACTIVE,N,Y,Y,,5,3.33
NORTH BAY CHILDREN'S,ISOMNORTH32378,,ABV,8310016180393,N,,,,09/14/2026,ISOM,,,,,PROACTIVE,N,Y,Y,,5,3.33
NORTON SIMON MUSEUM OF ART AT PASADENA,ISOMNORTO32408,,ABV,8310016261631,N,,,,09/14/2026,ISOM,,,,,PROACTIVE,N,Y,Y,,5,3.33
"NOVO CONSTRUCTION,INC",ISOMNOVOC31972,,ABV,8310016224727,N,,,,09/14/2026,ISOM,,,,,PROACTIVE,N,Y,Y,,5,3.33
NUTRI-RICH CORP,ISOMNUTRI31141,,ABV,8310015880521,N,,,,09/14/2026,ISOM,,,,,PROACTIVE,N,Y,Y,,5,3.33
N V Communication,ISOMNVCom31066,,ABV,8310015728118,N,,,,09/14/2026,ISOM,,,,,PROACTIVE,N,Y,Y,,5,3.33
Najarian Furniture Company Inc,ISOMNajar32307,,ABV,8310016165649,N,,,,09/14/2026,ISOM,,,,,PROACTIVE,N,Y,Y,,5,3.33
"Nam Association Management, Inc.",ISOMNamAs31465,,ABV,8310016316966,N,,,,09/14/2026,ISOM,,,,,PROACTIVE,N,Y,Y,,5,3.33
National Asset Services Inc,ISOMNatio31703,,ABV,8310015883361,N,,,,09/14/2026,ISOM,,,,,PROACTIVE,N,Y,Y,,5,3.33
Navani RE Investments,ISOMNavan31029,,ABV,8310015661999,N,,,,09/14/2026,ISOM,,,,,PROACTIVE,N,Y,Y,,5,3.33
New American Funding,ISOMNewAm31435,,ABV,8310015947531,N,,,,09/14/2026,ISOM,,,,,PROACTIVE,N,Y,Y,,5,3.33
"New Bridge Kitchen & Bath, Inc.",ISOMNewBr31725,,ABV,8310015951189,N,,,,09/14/2026,ISOM,,,,,PROACTIVE,N,Y,Y,,5,3.33
"New Bridge Kitchen & Bath, Inc.",ISOMNewBr31731,,ABV,8310015941979,N,,,,09/14/2026,ISOM,,,,,PROACTIVE,N,Y,Y,,5,3.33
New Door Ventures,ISOMNewDo32511,,ABV,8310016134193,N,,,,09/14/2026,ISOM,,,,,PROACTIVE,N,Y,Y,,5,3.33
Newport Childrens Medical Group,ISOMNewpo31521,,ABV,8310015952326,N,,,,09/14/2026,ISOM,,,,,PROACTIVE,N,Y,Y,,5,3.33
"Nff Imperial, LLC",ISOMNffIm31405,,ABV,8310016123542,N,,,,09/14/2026,ISOM,,,,,PROACTIVE,N,Y,Y,,5,3.33
Nobu Restaurant,ISOMNobuR31995,,ABV,8310016139084,N,,,,09/14/2026,ISOM,,,,,PROACTIVE,N,Y,Y,,5,3.33
Nor Healthcare Systems Corp,ISOMNorHe32529,,ABV,8310016149549,N,,,,09/14/2026,ISOM,,,,,PROACTIVE,N,Y,Y,,5,3.33
Norman's Liquors & Deli,ISOMNorma31518,,ABV,8310016190518,N,,,,09/14/2026,ISOM,,,,,PROACTIVE,N,Y,Y,,5,3.33
Norman Industrial Materials Inc,ISOMNorma31827,,ABV,8310016341533,N,,,,09/14/2026,ISOM,,,,,PROACTIVE,N,N,Y,,5,3.33
Northgate,ISOMNorth31205,,ABV,8310016065376,N,,,,09/14/2026,ISOM,,,,,PROACTIVE,N,Y,Y,,5,3.33
North East Medical Services,ISOMNorth31587,,ABV,8310015508719,N,,,,09/14/2026,ISOM,,,,,PROACTIVE,N,Y,Y,,5,3.33
Ntu Wellness Center,ISOMNtuWe32086,,ABV,8310016409117,N,,,,09/14/2026,ISOM,,,,,PROACTIVE,N,Y,Y,,5,3.33
Nucor Business Technology Inc.,ISOMNucor32441,,ABV,8310016379762,N,,,,09/14/2026,ISOM,,,,,PROACTIVE,N,Y,Y,,5,3.33
OAKVIEW HOA,ISOMOAKVI32493,,ABV,8310015859262,N,,,,09/14/2026,ISOM,,,,,PROACTIVE,N,Y,Y,,5,3.33
OCCIDENTAL VOLUNTEER,ISOMOCCID31652,,ABV,8310015736424,N,,,,09/14/2026,ISOM,,,,,PROACTIVE,N,Y,Y,,5,3.33
OCEAN GATE PROPERTY,ISOMOCEAN32500,,ABV,8310015782766,N,,,,09/14/2026,ISOM,,,,,PROACTIVE,N,Y,Y,,5,3.33
OCEAN TERRACE PRTNRS,ISOMOCEAN32643,,ABV,8310016069271,N,,,,09/14/2026,ISOM,,,,,PROACTIVE,N,Y,Y,,5,3.33
OMNI COMMUNITY MGMT,ISOMOMNIC31227,,ABV,8310016266472,N,,,,09/14/2026,ISOM,,,,,PROACTIVE,N,Y,Y,,5,3.33
OPERATION CARE INC-817 COURT ST-1,ISOMOPERA32673,,ABV,8310015261612,N,,,,09/14/2026,ISOM,,,,,PROACTIVE,N,Y,Y,,5,3.33
ORCHARD COMMERCIAL INC,ISOMORCHA31524,,ABV,8310016222866,N,,,,09/14/2026,ISOM,,,,,PROACTIVE,N,Y,Y,,5,3.33
ORCHARD COMMERCIAL INC,ISOMORCHA31525,,ABV,8310016222864,N,,,,09/14/2026,ISOM,,,,,PROACTIVE,N,Y,Y,,5,3.33
ORCHARD COMMERCIAL INC,ISOMORCHA32052,,ABV,8310016222868,N,,,,09/14/2026,ISOM,,,,,PROACTIVE,N,Y,Y,,5,3.33
ORCHARD COMMERCIAL INC,ISOMORCHA32637,,ABV,8310016222865,N,,,,09/14/2026,ISOM,,,,,PROACTIVE,N,Y,Y,,5,3.33
ORION V SAC VILLAGE OFFICE,ISOMORION32175,,ABV,8310015597558,N,,,,09/14/2026,ISOM,,,,,PROACTIVE,N,N,Y,,5,3.33
ORWOOD RESORT INC.,ISOMORWOO31054,,ABV,8310015591251,N,,,,09/14/2026,ISOM,,,,,PROACTIVE,N,Y,Y,,5,3.33
OUR LADY OF THE OAKS,ISOMOURLA31040,,ABV,8310015648304,N,,,,09/14/2026,ISOM,,,,,PROACTIVE,N,Y,Y,,5,3.33
OUR LADY OF THE OAKS,ISOMOURLA32675,,ABV,8310015412026,N,,,,09/14/2026,ISOM,,,,,PROACTIVE,N,Y,Y,,5,3.33
OVAL INDUSTRIES,ISOMOVALI31319,,ABV,8310016238017,N,,,,09/14/2026,ISOM,,,,,PROACTIVE,N,Y,Y,,5,3.33
OWENS ILLINOIS INC,ISOMOWENS32410,,ABV,8310016190257,N,,,,09/14/2026,ISOM,,,,,PROACTIVE,N,Y,Y,,5,3.33
Oak Forest Estates Association,ISOMOakFo32576,,ABV,8310016269178,N,,,,09/14/2026,ISOM,,,,,PROACTIVE,N,Y,Y,,5,3.33
Oak Tree Property Group,ISOMOakTr32328,,ABV,8310016105083,N,,,,09/14/2026,ISOM,,,,,PROACTIVE,N,Y,Y,,5,3.33
Oak Tree Property Group,ISOMOakTr32566,,ABV,8310016105104,N,,,,09/14/2026,ISOM,,,,,PROACTIVE,N,Y,Y,,5,3.33
Oak Tree Property Group,ISOMOakTr32606,,ABV,8310016171935,N,,,,09/14/2026,ISOM,,,,,PROACTIVE,N,Y,Y,,5,3.33
Oakland Pro Soccer LLC,ISOMOakla31636,,ABV,8310015605808,N,,,,09/14/2026,ISOM,,,,,PROACTIVE,N,Y,Y,,5,3.33
Oaks North Associates LP,ISOMOaksN31207,,ABV,8310016186920,N,,,,09/14/2026,ISOM,,,,,PROACTIVE,N,Y,Y,,5,3.33
Oakwood Condominium Association,ISOMOakwo32383,,ABV,8310016147549,N,,,,09/14/2026,ISOM,,,,,PROACTIVE,N,Y,Y,,5,3.33
"Ocean Beach Management, LLC",ISOMOcean31331,,ABV,8310016350237,N,,,,09/14/2026,ISOM,,,,,PROACTIVE,N,Y,Y,,5,3.33
"Ocean Beach Management, LLC",ISOMOcean31818,,ABV,8310016320395,N,,,,09/14/2026,ISOM,,,,,PROACTIVE,N,Y,Y,,5,3.33
Oilfield Safety Anchor Service Inc.,ISOMOilfi31885,,ABV,8310016254960,N,,,,09/14/2026,ISOM,,,,,PROACTIVE,N,Y,Y,,5,3.33
Ok Lighting,ISOMOkLig31718,,ABV,8310015963093,N,,,,09/14/2026,ISOM,,,,,PROACTIVE,N,Y,Y,,5,3.33
Okie's Towing,ISOMOkie'32437,,ABV,8310016354871,N,,,,09/14/2026,ISOM,,,,,PROACTIVE,N,Y,Y,,5,3.33
"Older Americans Housing, Inc.",ISOMOlder31156,,ABV,8310015969318,N,,,,09/14/2026,ISOM,,,,,PROACTIVE,N,Y,Y,,5,3.33
"Older Americans Housing, Inc.",ISOMOlder32274,,ABV,8310015966083,N,,,,09/14/2026,ISOM,,,,,PROACTIVE,N,Y,Y,,5,3.33
"Olive Hill Greenhouses, Inc.",ISOMOlive31051,,ABV,8310015615370,N,,,,09/14/2026,ISOM,,,,,PROACTIVE,N,Y,Y,,5,3.33
Omni Women's Health Medical,ISOMOmniW31119,,ABV,8310015805449,N,,,,09/14/2026,ISOM,,,,,PROACTIVE,N,Y,Y,,5,3.33
On Broadway,ISOMOnBro31376,,ABV,8310015709221,N,,,,09/14/2026,ISOM,,,,,PROACTIVE,N,Y,Y,,5,3.33
On Broadway SD Partners LP,ISOMOnBro31932,,ABV,8310015923375,N,,,,09/14/2026,ISOM,,,,,PROACTIVE,N,Y,Y,,5,3.33
On Broadway,ISOMOnBro32201,,ABV,8310015709219,N,,,,09/14/2026,ISOM,,,,,PROACTIVE,N,Y,Y,,5,3.33
On Star Towing & Recovery,ISOMOnSta31055,,ABV,8310015603032,N,,,,09/14/2026,ISOM,,,,,PROACTIVE,N,Y,Y,,5,3.33
One 90,ISOMOne9031079,,ABV,8310015712371,N,,,,09/14/2026,ISOM,,,,,PROACTIVE,N,Y,Y,,5,3.33
One 90,ISOMOne9031080,,ABV,8310015712373,N,,,,09/14/2026,ISOM,,,,,PROACTIVE,N,Y,Y,,5,3.33
One 90,ISOMOne9031081,,ABV,8310015712375,N,,,,09/14/2026,ISOM,,,,,PROACTIVE,N,Y,Y,,5,3.33
One 90,ISOMOne9032490,,ABV,8310015712369,N,,,,09/14/2026,ISOM,,,,,PROACTIVE,N,Y,Y,,5,3.33
One 90,ISOMOne9032764,,ABV,8310015712377,N,,,,09/14/2026,ISOM,,,,,PROACTIVE,N,Y,Y,,5,3.33
Orange Grove Friends Meeting,ISOMOrang31330,,ABV,8310016358166,N,,,,09/14/2026,ISOM,,,,,PROACTIVE,N,Y,Y,,5,3.33
Orange Villa Shopping Center LLC,ISOMOrang31996,,ABV,8310016312589,N,,,,09/14/2026,ISOM,,,,,PROACTIVE,N,Y,Y,,5,3.33
Orange Main Medical Partners LP,ISOMOrang32829,,ABV,8310015860904,N,,,,09/14/2026,ISOM,,,,,PROACTIVE,N,Y,Y,,5,3.33
Orchard Machinery Corporation Disc,ISOMOrcha31797,,ABV,8310016273466,N,,,,09/14/2026,ISOM,,,,,PROACTIVE,N,Y,Y,,5,3.33
Original Pancake House,ISOMOrigi31776,,ABV,8310016101673,N,,,,09/14/2026,ISOM,,,,,PROACTIVE,N,Y,Y,,5,3.33
Overlook Walnut Creek Association,ISOMOverl31202,,ABV,8310016237911,N,,,,09/14/2026,ISOM,,,,,PROACTIVE,N,Y,Y,,5,3.33
Ozer Zelzah in c/o ADR Properties,ISOMOzerZ31808,,ABV,8310016171055,N,,,,09/14/2026,ISOM,,,,,PROACTIVE,N,Y,Y,,5,3.33
PACIFIC INVESTMENT,ISOMPACIF31480,,ABV,8310016328405,N,,,,09/14/2026,ISOM,,,,,PROACTIVE,N,Y,Y,,5,3.33
PACIFIC COAST COMMERCIAL,ISOMPACIF31556,,ABV,8310016397456,N,,,,09/14/2026,ISOM,,,,,PROACTIVE,N,Y,Y,,5,3.33
PACIFIC TOWER,ISOMPACIF31572,,ABV,8310015490595,N,,,,09/14/2026,ISOM,,,,,PROACTIVE,N,Y,Y,,5,3.33
PACIFIC COAST TERMITE INC,ISOMPACIF31645,,ABV,8310015739654,N,,,,09/14/2026,ISOM,,,,,PROACTIVE,N,Y,Y,,5,3.33
PACIFIC RIVIERA COLLECTION LLC,ISOMPACIF32642,,ABV,8310016097656,N,,,,09/14/2026,ISOM,,,,,PROACTIVE,N,Y,Y,,5,3.33
PACKARD FOUNDATION,ISOMPACKA31157,,ABV,8310015964673,N,,,,09/14/2026,ISOM,,,,,PROACTIVE,N,Y,Y,,5,3.33
PACKARD FOUNDATION,ISOMPACKA31714,,ABV,8310015963875,N,,,,09/14/2026,ISOM,,,,,PROACTIVE,N,Y,Y,,5,3.33
PACKARD FOUNDATION,ISOMPACKA32833,,ABV,8310015964005,N,,,,09/14/2026,ISOM,,,,,PROACTIVE,N,Y,Y,,5,3.33
"PALMS PROPERTY NO. 20, LLC",ISOMPALMS31337,,ABV,8310016358547,N,,,,09/14/2026,ISOM,,,,,PROACTIVE,N,Y,Y,,5,3.33
PAMELA PANG,ISOMPAMEL31229,,ABV,8310016083248,N,,,,09/14/2026,ISOM,,,,,PROACTIVE,N,Y,Y,,5,3.33
PANOCHE TRUCK INC,ISOMPANOC31882,,ABV,8310016365692,N,,,,09/14/2026,ISOM,,,,,PROACTIVE,N,Y,Y,,5,3.33
PARAMOUNT PARK ESTATES,ISOMPARAM31303,,ABV,8310016328863,N,,,,09/14/2026,ISOM,,,,,PROACTIVE,N,Y,Y,,5,3.33
PARK AVENUE EASTHOMEOWNERS,ISOMPARKA31367,,ABV,8310015764970,N,,,,09/14/2026,ISOM,,,,,PROACTIVE,N,Y,Y,,5,3.33
PARK DE ANZA,ISOMPARKD31511,,ABV,8310016209597,N,,,,09/14/2026,ISOM,,,,,PROACTIVE,N,Y,Y,,5,3.33
PARKPOINT HLTH CLUB,ISOMPARKP31675,,ABV,8310015755392,N,,,,09/14/2026,ISOM,,,,,PROACTIVE,N,Y,Y,,5,3.33
PARK PLZA HOA INC 232,ISOMPARKP32802,,ABV,8310015805239,N,,,,09/14/2026,ISOM,,,,,PROACTIVE,N,Y,Y,,5,3.33
PARK STREET PROPERTIES,ISOMPARKS31515,,ABV,8310016205621,N,,,,09/14/2026,ISOM,,,,,PROACTIVE,N,Y,Y,,5,3.33
PARKVIEW COMMONS,ISOMPARKV32476,,ABV,8310016273924,N,,,,09/14/2026,ISOM,,,,,PROACTIVE,N,Y,Y,,5,3.33
PARKWAY TOWERS,ISOMPARKW31599,,ABV,8310015544601,N,,,,09/14/2026,ISOM,,,,,PROACTIVE,N,Y,Y,,5,3.33
PATRIOT COMMERCE CENTER,ISOMPATRI32473,,ABV,8310016275925,N,,,,09/14/2026,ISOM,,,,,PROACTIVE,N,Y,Y,,5,3.33
PATRICK JAMES,ISOMPATRI32598,,ABV,8310016218526,N,,,,09/14/2026,ISOM,,,,,PROACTIVE,N,Y,Y,,5,3.33
PATRICK JAMES,ISOMPATRI32698,,ABV,8310015546761,N,,,,09/14/2026,ISOM,,,,,PROACTIVE,N,Y,Y,,5,3.33
PATRICK JAMES,ISOMPATRI32702,,ABV,8310015546767,N,,,,09/14/2026,ISOM,,,,,PROACTIVE,N,Y,Y,,5,3.33
P B A PAINTING CO,ISOMPBAPA32299,,ABV,8310016082473,N,,,,09/14/2026,ISOM,,,,,PROACTIVE,N,Y,Y,,5,3.33
PEGGY BURLINGHAM,ISOMPEGGY32029,,ABV,8310016171564,N,,,,09/14/2026,ISOM,,,,,PROACTIVE,N,Y,Y,,5,3.33
PENINSULA GOLF &,ISOMPENIN32715,,ABV,8310015661265,N,,,,09/14/2026,ISOM,,,,,PROACTIVE,N,Y,Y,,5,3.33
PERENNIAL LANDSCAPE & NURSERY,ISOMPEREN32685,,ABV,8310015499355,N,,,,09/14/2026,ISOM,,,,,PROACTIVE,N,Y,Y,,5,3.33
PERFECT PLANK COMPANY,ISOMPERFE31056,,ABV,8310015588840,N,,,,09/14/2026,ISOM,,,,,PROACTIVE,N,Y,Y,,5,3.33
PET FOOD EXPRESS,ISOMPETFO31287,,ABV,8310016354264,N,,,,09/14/2026,ISOM,,,,,PROACTIVE,N,Y,Y,,5,3.33
PG & E CO,ISOMPGECO31872,,ABV,8310016348314,N,,,,09/14/2026,ISOM,,,,,PROACTIVE,N,Y,Y,,5,3.33
PHARMPAK INC,ISOMPHARM32092,,ABV,8310015277469,N,,,,09/14/2026,ISOM,,,,,PROACTIVE,N,Y,Y,,5,3.33
PHILIPPINE FOOD TRADE-2626 S MALT AVE-1,ISOMPHILI32670,,ABV,8310015151967,N,,,,09/14/2026,ISOM,,,,,PROACTIVE,N,Y,Y,,5,3.33
PI BETA PHI,ISOMPIBET32253,,ABV,8310015871108,N,,,,09/14/2026,ISOM,,,,,PROACTIVE,N,Y,Y,,5,3.33
PINEAPPLE BEAR LLC DBA SONOM,ISOMPINEA31108,,ABV,8310015858757,N,,,,09/14/2026,ISOM,,,,,PROACTIVE,N,Y,Y,,5,3.33
PINE POLK LLC,ISOMPINEP31811,,ABV,8310016162569,N,,,,09/14/2026,ISOM,,,,,PROACTIVE,N,Y,Y,,5,3.33
PIZZA PORT,ISOMPIZZA31933,,ABV,8310015892783,N,,,,09/14/2026,ISOM,,,,,PROACTIVE,N,Y,Y,,5,3.33
PIZZA EXPRESS,ISOMPIZZA32497,,ABV,8310015842198,N,,,,09/14/2026,ISOM,,,,,PROACTIVE,N,Y,Y,,5,3.33
P JONES EL CMO PKVIEW,ISOMPJONE31292,,ABV,8310016334799,N,,,,09/14/2026,ISOM,,,,,PROACTIVE,N,Y,Y,,5,3.33
P JONES EL CMO PKVIEW,ISOMPJONE32705,,ABV,8310015559743,N,,,,09/14/2026,ISOM,,,,,PROACTIVE,N,Y,Y,,5,3.33
PLANK CRAFT KITCHEN AND BAR,ISOMPLANK32540,,ABV,8310016192302,N,,,,09/14/2026,ISOM,,,,,PROACTIVE,N,Y,Y,,5,3.33
PLAZA AT CARROLL CENTRE RD,ISOMPLAZA32447,,ABV,8310016212409,N,,,,09/14/2026,ISOM,,,,,PROACTIVE,N,Y,Y,,5,3.33
PMAT INC,ISOMPMATI31810,,ABV,8310016154292,N,,,,09/14/2026,ISOM,,,,,PROACTIVE,N,Y,Y,,5,3.33
PMP Management,ISOMPMPMa31241,,ABV,8310016267943,N,,,,09/14/2026,ISOM,,,,,PROACTIVE,N,Y,Y,,5,3.33
PNTR PAUL SCHWARTZ &,ISOMPNTRP31115,,ABV,8310015828297,N,,,,09/14/2026,ISOM,,,,,PROACTIVE,N,Y,Y,,5,3.33
POLORESMEDICAL,ISOMPOLOR32213,,ABV,8310015796234,N,,,,09/14/2026,ISOM,,,,,PROACTIVE,N,Y,Y,,5,3.33
PONDEROSA WEST HOA,ISOMPONDE31635,,ABV,8310015611245,N,,,,09/14/2026,ISOM,,,,,PROACTIVE,N,Y,Y,,5,3.33
PONDEROSA WEST HOA,ISOMPONDE32221,,ABV,8310015740916,N,,,,09/14/2026,ISOM,,,,,PROACTIVE,N,Y,Y,,5,3.33
PORTOLA GARDENS LLC,ISOMPORTO31578,,ABV,8310015499577,N,,,,09/14/2026,ISOM,,,,,PROACTIVE,N,Y,Y,,5,3.33
POTO KO USA INC,ISOMPOTOK31265,,ABV,8310016164583,N,,,,09/14/2026,ISOM,,,,,PROACTIVE,N,Y,Y,,5,3.33
POWER INTEGRATIONS INC,ISOMPOWER31760,,ABV,8310016235115,N,,,,09/14/2026,ISOM,,,,,PROACTIVE,N,Y,Y,,5,3.33
POWER INTEGRATIONS INC,ISOMPOWER32310,,ABV,8310016235113,N,,,,09/14/2026,ISOM,,,,,PROACTIVE,N,Y,Y,,5,3.33
P&P ENGINEERING,ISOMPPENG32141,,ABV,8310015657753,N,,,,09/14/2026,ISOM,,,,,PROACTIVE,N,Y,Y,,5,3.33
"PRATT ROBERT MANN PACKAGING, INC",ISOMPRATT32434,,ABV,8310016216235,N,,,,09/14/2026,ISOM,,,,,PROACTIVE,N,Y,Y,,5,3.33
PRECISIONMED INC,ISOMPRECI32267,,ABV,8310015970280,N,,,,09/14/2026,ISOM,,,,,PROACTIVE,N,Y,Y,,5,3.33
PRESERVE AT IRONHORSE TRAIL CO THE HELSING GROUP I,ISOMPRESE32528,,ABV,8310015764916,N,,,,09/14/2026,ISOM,,,,,PROACTIVE,N,Y,Y,,5,3.33
PRESS BOX INC,ISOMPRESS31650,,ABV,8310015720068,N,,,,09/14/2026,ISOM,,,,,PROACTIVE,N,Y,Y,,5,3.33
PRESTIGE COURTYARD LLC,ISOMPREST32195,,ABV,8310015724707,N,,,,09/14/2026,ISOM,,,,,PROACTIVE,N,Y,Y,,5,3.33
PRODESSE PROPERTY GROUP,ISOMPRODE31031,,ABV,8310015616188,N,,,,09/14/2026,ISOM,,,,,PROACTIVE,N,Y,Y,,5,3.33
PRODESSE PROPERTY GROUP,ISOMPRODE31477,,ABV,8310016184315,N,,,,09/14/2026,ISOM,,,,,PROACTIVE,N,Y,Y,,5,3.33
PRODESSE PROPERTY GROUP,ISOMPRODE32168,,ABV,8310015616138,N,,,,09/14/2026,ISOM,,,,,PROACTIVE,N,Y,Y,,5,3.33
PRODESSE PROPERTY GROUP,ISOMPRODE32775,,ABV,8310015779324,N,,,,09/14/2026,ISOM,,,,,PROACTIVE,N,Y,Y,,5,3.33
PRODUCTION STORAGE GROUP INC,ISOMPRODU31670,,ABV,8310015765771,N,,,,09/14/2026,ISOM,,,,,PROACTIVE,N,Y,Y,,5,3.33
PROJECT WORLD PRAYERS,ISOMPROJE31335,,ABV,8310016356979,N,,,,09/14/2026,ISOM,,,,,PROACTIVE,N,Y,Y,,5,3.33
PROMONTORY SAN LUIS,ISOMPROMO31891,,ABV,8310016306336,N,,,,09/14/2026,ISOM,,,,,PROACTIVE,N,Y,Y,,5,3.33
PROPERTIES WEST MANAGEMENT LLC,ISOMPROPE32289,,ABV,8310016089177,N,,,,09/14/2026,ISOM,,,,,PROACTIVE,N,Y,Y,,5,3.33
PROTEA VILLA LA JOLLA LLC,ISOMPROTE31759,,ABV,8310016234199,N,,,,09/14/2026,ISOM,,,,,PROACTIVE,N,N,Y,,5,3.33
PRP OWNERS ASSOC,ISOMPRPOW31946,,ABV,8310016125904,N,,,,09/14/2026,ISOM,,,,,PROACTIVE,N,Y,Y,,5,3.33
PUB 33 INC,ISOMPUB3331008,,ABV,8310015501882,N,,,,09/14/2026,ISOM,,,,,PROACTIVE,N,Y,Y,,5,3.33
Pac Operating Limited partnersip,ISOMPacOp31181,,ABV,8310016093816,N,,,,09/14/2026,ISOM,,,,,PROACTIVE,N,Y,Y,,5,3.33
Pacific West Wire Rope,ISOMPacif31358,,ABV,8310016275797,N,,,,09/14/2026,ISOM,,,,,PROACTIVE,N,Y,Y,,5,3.33
"Pacific Farm Management, Inc.",ISOMPacif31775,,ABV,8310016095042,N,,,,09/14/2026,ISOM,,,,,PROACTIVE,N,Y,Y,,5,3.33
Pacific Terrace Condominiums Owners' Association,ISOMPacif31791,,ABV,8310016284911,N,,,,09/14/2026,ISOM,,,,,PROACTIVE,N,Y,Y,,5,3.33
Pacific Thrift Stores Management Corporation,ISOMPacif32263,,ABV,8310015962365,N,,,,09/14/2026,ISOM,,,,,PROACTIVE,N,Y,Y,,5,3.33
Pacific Title Archives,ISOMPacif32398,,ABV,8310016144944,N,,,,09/14/2026,ISOM,,,,,PROACTIVE,N,Y,Y,,5,3.33
Pai Investment LLC,ISOMPaiIn31082,,ABV,8310015712519,N,,,,09/14/2026,ISOM,,,,,PROACTIVE,N,Y,Y,,5,3.33
"Pan Pacific Enterprise Co., Inc.",ISOMPanPa31470,,ABV,8310016277349,N,,,,09/14/2026,ISOM,,,,,PROACTIVE,N,Y,Y,,5,3.33
Panaderia Tres Hermanos 2,ISOMPanad32455,,ABV,8310016363041,N,,,,09/14/2026,ISOM,,,,,PROACTIVE,N,Y,Y,,5,3.33
Paseo Kaiser Owners,ISOMPaseo31377,,ABV,8310015829260,N,,,,09/14/2026,ISOM,,,,,PROACTIVE,N,Y,Y,,5,3.33
Paseo Kaiser Owners,ISOMPaseo32827,,ABV,8310015879326,N,,,,09/14/2026,ISOM,,,,,PROACTIVE,N,Y,Y,,5,3.33
"Patterson Properties, Inc.",ISOMPatte31537,,ABV,8310016099421,N,,,,09/14/2026,ISOM,,,,,PROACTIVE,N,Y,Y,,5,3.33
Pavillion Park Senior I Housing Partners LP,ISOMPavil32352,,ABV,8310016299376,N,,,,09/14/2026,ISOM,,,,,PROACTIVE,N,Y,Y,,5,3.33
Pennywise Travel Plaza,ISOMPenny31844,,ABV,8310016190642,N,,,,09/14/2026,ISOM,,,,,PROACTIVE,N,Y,Y,,5,3.33
"Pepi Kelman, Inc.",ISOMPepiK32308,,ABV,8310016237855,N,,,,09/14/2026,ISOM,,,,,PROACTIVE,N,Y,Y,,5,3.33
Perform Properties,ISOMPerfo31712,,ABV,8310015876111,N,,,,09/14/2026,ISOM,,,,,PROACTIVE,N,Y,Y,,5,3.33
Peter Wang,ISOMPeter31121,,ABV,8310015895258,N,,,,09/14/2026,ISOM,,,,,PROACTIVE,N,Y,Y,,5,3.33
Petra Properties LLC,ISOMPetra31348,,ABV,8310016264008,N,,,,09/14/2026,ISOM,,,,,PROACTIVE,N,Y,Y,,5,3.33
"Pgb Petroleum, LLC",ISOMPgbPe31918,,ABV,8310015843683,N,,,,09/14/2026,ISOM,,,,,PROACTIVE,N,Y,Y,,5,3.33
"Platinumberg, LLC",ISOMPlati32381,,ABV,8310016146770,N,,,,09/14/2026,ISOM,,,,,PROACTIVE,N,Y,Y,,5,3.33
Playcorps Inc.,ISOMPlayc32300,,ABV,8310016065023,N,,,,09/14/2026,ISOM,,,,,PROACTIVE,N,Y,Y,,5,3.33
Plaza De La Cordillera LLC,ISOMPlaza31467,,ABV,8310016128967,N,,,,09/14/2026,ISOM,,,,,PROACTIVE,N,Y,Y,,5,3.33
"Plaza Concordia, LLC",ISOMPlaza31901,,ABV,8310016300402,N,,,,09/14/2026,ISOM,,,,,PROACTIVE,N,Y,Y,,5,3.33
Pmb LLC,ISOMPmbLL31612,,ABV,8310015661390,N,,,,09/14/2026,ISOM,,,,,PROACTIVE,N,Y,Y,,5,3.33
Portuguese Society of America,ISOMPortu32065,,ABV,8310016366812,N,,,,09/14/2026,ISOM,,,,,PROACTIVE,N,Y,Y,,5,3.33
Presbytery of San Diego,ISOMPresb32462,,ABV,8310016327058,N,,,,09/14/2026,ISOM,,,,,PROACTIVE,N,Y,Y,,5,3.33
"Preston Pipelines, Inc.",ISOMPrest31390,,ABV,8310015885654,N,,,,09/14/2026,ISOM,,,,,PROACTIVE,N,Y,Y,,5,3.33
"Preston Pipelines, Inc.",ISOMPrest32246,,ABV,8310015885709,N,,,,09/14/2026,ISOM,,,,,PROACTIVE,N,Y,Y,,5,3.33
"Price Legacy Holdings, LLC",ISOMPrice32377,,ABV,8310016171252,N,,,,09/14/2026,ISOM,,,,,PROACTIVE,N,Y,Y,,5,3.33
Pro Piano Movers,ISOMProPi32003,,ABV,8310016273848,N,,,,09/14/2026,ISOM,,,,,PROACTIVE,N,Y,Y,,5,3.33
Property Management,ISOMPrope31378,,ABV,8310015854636,N,,,,09/14/2026,ISOM,,,,,PROACTIVE,N,Y,Y,,5,3.33
Property Management,ISOMPrope31379,,ABV,8310015854856,N,,,,09/14/2026,ISOM,,,,,PROACTIVE,N,Y,Y,,5,3.33
Property Management,ISOMPrope31402,,ABV,8310016133465,N,,,,09/14/2026,ISOM,,,,,PROACTIVE,N,Y,Y,,5,3.33
Property Management,ISOMPrope32791,,ABV,8310015856503,N,,,,09/14/2026,ISOM,,,,,PROACTIVE,N,Y,Y,,5,3.33
Proven Termite Solutions,ISOMProve31696,,ABV,8310015896892,N,,,,09/14/2026,ISOM,,,,,PROACTIVE,N,Y,Y,,5,3.33
"Pseudorandom, LLC",ISOMPseud32028,,ABV,8310016135826,N,,,,09/14/2026,ISOM,,,,,PROACTIVE,N,Y,Y,,5,3.33
"Purity Systems, Inc.",ISOMPurit31855,,ABV,8310016221826,N,,,,09/14/2026,ISOM,,,,,PROACTIVE,N,Y,Y,,5,3.33
Pyramid Precision Machine LLC,ISOMPyram31275,,ABV,8310016321138,N,,,,09/14/2026,ISOM,,,,,PROACTIVE,N,Y,Y,,5,3.33
QUALITY HEALTH PARTNERS LLC,ISOMQUALI32191,,ABV,8310015727616,N,,,,09/14/2026,ISOM,,,,,PROACTIVE,N,Y,Y,,5,3.33
QUALITY LIQUOR AND FOOD,ISOMQUALI32597,,ABV,8310016218482,N,,,,09/14/2026,ISOM,,,,,PROACTIVE,N,Y,Y,,5,3.33
QUEEN STRT PLZA OWNRS,ISOMQUEEN31013,,ABV,8310015547004,N,,,,09/14/2026,ISOM,,,,,PROACTIVE,N,Y,Y,,5,3.33
QUEEN ST HOA,ISOMQUEEN32426,,ABV,8310016217714,N,,,,09/14/2026,ISOM,,,,,PROACTIVE,N,Y,Y,,5,3.33
Quarter Pound Korean BBQ Inc,ISOMQuart31065,,ABV,8310015720661,N,,,,09/14/2026,ISOM,,,,,PROACTIVE,N,N,Y,,5,3.33
Quest Blue LLC,ISOMQuest31220,,ABV,8310016110326,N,,,,09/14/2026,ISOM,,,,,PROACTIVE,N,Y,Y,,5,3.33
R.F. MACDONALD CO,ISOMR.F.M32231,,ABV,8310015851469,N,,,,09/14/2026,ISOM,,,,,PROACTIVE,N,Y,Y,,5,3.33
RAINTREE SAN MATEO,ISOMRAINT32248,,ABV,8310015901628,N,,,,09/14/2026,ISOM,,,,,PROACTIVE,N,Y,Y,,5,3.33
RAMCON ENGINEERING & ENVIRONMENTAL CONTRACTING INC,ISOMRAMCO32198,,ABV,8310015680870,N,,,,09/14/2026,ISOM,,,,,PROACTIVE,N,Y,Y,,5,3.33
RANCHO DEL MAR CENTER,ISOMRANCH31254,,ABV,8310016159421,N,,,,09/14/2026,ISOM,,,,,PROACTIVE,N,Y,Y,,5,3.33
RANCHO MURIETA COMMUNITY,ISOMRANCH31847,,ABV,8310016191935,N,,,,09/14/2026,ISOM,,,,,PROACTIVE,N,Y,Y,,5,3.33
RANCHO DEL SOL HOMEOWNERS,ISOMRANCH32435,,ABV,8310016204858,N,,,,09/14/2026,ISOM,,,,,PROACTIVE,N,Y,Y,,5,3.33
RAVINDER GREWAL DBA,ISOMRAVIN32535,,ABV,8310016182380,N,,,,09/14/2026,ISOM,,,,,PROACTIVE,N,Y,Y,,5,3.33
RAYMOND P & SUE,ISOMRAYMO31071,,ABV,8310015720299,N,,,,09/14/2026,ISOM,,,,,PROACTIVE,N,Y,Y,,5,3.33
RAYMOND T WONG,ISOMRAYMO31158,,ABV,8310015943563,N,,,,09/14/2026,ISOM,,,,,PROACTIVE,N,Y,Y,,5,3.33
RCR Bristol LLC CO Vestar Prop Mgmt,ISOMRCRBr31550,,ABV,8310016405652,N,,,,09/14/2026,ISOM,,,,,PROACTIVE,N,Y,Y,,5,3.33
RCR Bristol LLC CO Vestar Prop Mgmt,ISOMRCRBr31558,,ABV,8310016402318,N,,,,09/14/2026,ISOM,,,,,PROACTIVE,N,Y,Y,,5,3.33
REAL PROPERTY RESOURCES,ISOMREALP31750,,ABV,8310016079091,N,,,,09/14/2026,ISOM,,,,,PROACTIVE,N,Y,Y,,5,3.33
REDUS PROPERTIES INC,ISOMREDUS31813,,ABV,8310016171898,N,,,,09/14/2026,ISOM,,,,,PROACTIVE,N,Y,Y,,5,3.33
"REDUS PROPERTIES, INC.",ISOMREDUS32083,,ABV,8310016384890,N,,,,09/14/2026,ISOM,,,,,PROACTIVE,N,Y,Y,,5,3.33
RELIABLE HARDWARE AND STEEL,ISOMRELIA31025,,ABV,8310015661150,N,,,,09/14/2026,ISOM,,,,,PROACTIVE,N,Y,Y,,5,3.33
RESEDA VILLAGE HOA,ISOMRESED31992,,ABV,8310016155291,N,,,,09/14/2026,ISOM,,,,,PROACTIVE,N,Y,Y,,5,3.33
RESIDENTIAL INVESTMENT,ISOMRESID32046,,ABV,8310016188823,N,,,,09/14/2026,ISOM,,,,,PROACTIVE,N,Y,Y,,5,3.33
REVELATION CHURCH OF JESUS,ISOMREVEL32159,,ABV,8310015607885,N,,,,09/14/2026,ISOM,,,,,PROACTIVE,N,Y,Y,,5,3.33
REVOLVE CLOTHING,ISOMREVOL31536,,ABV,8310016063944,N,,,,09/14/2026,ISOM,,,,,PROACTIVE,N,Y,Y,,5,3.33
REXFORD INDUSTRIAL-,ISOMREXFO31099,,ABV,8310015778442,N,,,,09/14/2026,ISOM,,,,,PROACTIVE,N,N,Y,,5,3.33
REXFORD INDUSTRIAL-,ISOMREXFO31404,,ABV,8310016129850,N,,,,09/14/2026,ISOM,,,,,PROACTIVE,N,Y,Y,,5,3.33
"RICH-TED TRUCKING, INC.",ISOMRICH-32583,,ABV,8310016350538,N,,,,09/14/2026,ISOM,,,,,PROACTIVE,N,Y,Y,,5,3.33
RICHARD JOSEPH,ISOMRICHA32245,,ABV,8310015892084,N,,,,09/14/2026,ISOM,,,,,PROACTIVE,N,Y,Y,,5,3.33
RICHARD ARONOFF,ISOMRICHA32767,,ABV,8310015675962,N,,,,09/14/2026,ISOM,,,,,PROACTIVE,N,Y,Y,,5,3.33
RIVENDELL LAND COMPANY INC,ISOMRIVEN31944,,ABV,8310016090725,N,,,,09/14/2026,ISOM,,,,,PROACTIVE,N,Y,Y,,5,3.33
RIVER VALLEY PROPERTIES,ISOMRIVER31084,,ABV,8310015606162,N,,,,09/14/2026,ISOM,,,,,PROACTIVE,N,Y,Y,,5,3.33
RIVER MARKET,ISOMRIVER31124,,ABV,8310015917380,N,,,,09/14/2026,ISOM,,,,,PROACTIVE,N,Y,Y,,5,3.33
RIVER RIDGE VILLAS,ISOMRIVER31503,,ABV,8310016155245,N,,,,09/14/2026,ISOM,,,,,PROACTIVE,N,Y,Y,,5,3.33
RIVER OAKS APARTMENTS,ISOMRIVER32049,,ABV,8310015892195,N,,,,09/14/2026,ISOM,,,,,PROACTIVE,N,Y,Y,,5,3.33
RIVERBANK SENIORS.,ISOMRIVER32054,,ABV,8310016339942,N,,,,09/14/2026,ISOM,,,,,PROACTIVE,N,Y,Y,,5,3.33
RIVERVIEW LLC,ISOMRIVER32187,,ABV,8310015739650,N,,,,09/14/2026,ISOM,,,,,PROACTIVE,N,Y,Y,,5,3.33
RMJF LLC,ISOMRMJFL32179,,ABV,8310015591135,N,,,,09/14/2026,ISOM,,,,,PROACTIVE,N,Y,Y,,5,3.33
ROBERT GRANUM,ISOMROBER31073,,ABV,8310015727738,N,,,,09/14/2026,ISOM,,,,,PROACTIVE,N,Y,Y,,5,3.33
ROBERT WONG DDS,ISOMROBER31075,,ABV,8310015716472,N,,,,09/14/2026,ISOM,,,,,PROACTIVE,N,Y,Y,,5,3.33
ROBERT ZARNEGIN,ISOMROBER31468,,ABV,8310016267070,N,,,,09/14/2026,ISOM,,,,,PROACTIVE,N,Y,Y,,5,3.33
ROBERT GRANUM,ISOMROBER31604,,ABV,8310015535201,N,,,,09/14/2026,ISOM,,,,,PROACTIVE,N,Y,Y,,5,3.33
ROBERT AVON,ISOMROBER31628,,ABV,8310015581585,N,,,,09/14/2026,ISOM,,,,,PROACTIVE,N,Y,Y,,5,3.33
ROBERT E BEER MD PC,ISOMROBER31892,,ABV,8310016316651,N,,,,09/14/2026,ISOM,,,,,PROACTIVE,N,Y,Y,,5,3.33
ROBERT BOTHMAN INC,ISOMROBER31921,,ABV,8310015868588,N,,,,09/14/2026,ISOM,,,,,PROACTIVE,N,Y,Y,,5,3.33
ROBERT AVON,ISOMROBER32683,,ABV,8310015495939,N,,,,09/14/2026,ISOM,,,,,PROACTIVE,N,Y,Y,,5,3.33
ROB PAGLIAERI,ISOMROBPA31819,,ABV,8310016326622,N,,,,09/14/2026,ISOM,,,,,PROACTIVE,N,Y,Y,,5,3.33
ROCKLAND BAPTIST CHURCH,ISOMROCKL31488,,ABV,8310016259012,N,,,,09/14/2026,ISOM,,,,,PROACTIVE,N,Y,Y,,5,3.33
ROCKLAND BAPTIST CHURCH,ISOMROCKL31790,,ABV,8310016306357,N,,,,09/14/2026,ISOM,,,,,PROACTIVE,N,Y,Y,,5,3.33
ROGERS BEHAVIORAL HEALTH,ISOMROGER32507,,ABV,8310015895806,N,,,,09/14/2026,ISOM,,,,,PROACTIVE,N,Y,Y,,5,3.33
RONALD G HANSEN,ISOMRONAL31318,,ABV,8310016224963,N,,,,09/14/2026,ISOM,,,,,PROACTIVE,N,Y,Y,,5,3.33
RON AND CHRIS RENTAL LLC,ISOMRONAN31010,,ABV,8310015560478,N,,,,09/14/2026,ISOM,,,,,PROACTIVE,N,Y,Y,,5,3.33
RO REPAIR,ISOMROREP31530,,ABV,8310015976843,N,,,,09/14/2026,ISOM,,,,,PROACTIVE,N,Y,Y,,5,3.33
ROSSI ESTATE M1 LLC,ISOMROSSI31580,,ABV,8310015509769,N,,,,09/14/2026,ISOM,,,,,PROACTIVE,N,Y,Y,,5,3.33
ROWENA WU,ISOMROWEN32443,,ABV,8310016355750,N,,,,09/14/2026,ISOM,,,,,PROACTIVE,N,Y,Y,,5,3.33
R&R Investments I,ISOMRRInv31614,,ABV,8310015667182,N,,,,09/14/2026,ISOM,,,,,PROACTIVE,N,Y,Y,,5,3.33
RS,ISOMRS31655,,ABV,8310015708748,N,,,,09/14/2026,ISOM,,,,,PROACTIVE,N,Y,Y,,5,3.33
R S ERECTION INC,ISOMRSERE31513,,ABV,8310016194521,N,,,,09/14/2026,ISOM,,,,,PROACTIVE,N,Y,Y,,5,3.33
RX ASTER APARTMENTS LP,ISOMRXAST31821,,ABV,8310016144930,N,,,,09/14/2026,ISOM,,,,,PROACTIVE,N,N,Y,,5,3.33
RYAN COMPANIES MILLENIA,ISOMRYANC32730,,ABV,8310015609828,N,,,,09/14/2026,ISOM,,,,,PROACTIVE,N,Y,Y,,5,3.33
RYUSHO MATSUDA DBA NICHIREN BUDDHIST,ISOMRYUSH31735,,ABV,8310016090238,N,,,,09/14/2026,ISOM,,,,,PROACTIVE,N,Y,Y,,5,3.33
"Rada Industries, Inc.",ISOMRadaI31917,,ABV,8310015859236,N,,,,09/14/2026,ISOM,,,,,PROACTIVE,N,Y,Y,,5,3.33
"Radiance Holdings, LLC",ISOMRadia32070,,ABV,8310016111019,N,,,,09/14/2026,ISOM,,,,,PROACTIVE,N,Y,Y,,5,3.33
Raincross Women's Medical Group,ISOMRainc32194,,ABV,8310015724409,N,,,,09/14/2026,ISOM,,,,,PROACTIVE,N,Y,Y,,5,3.33
Raintree Partners LLC,ISOMRaint31919,,ABV,8310015854598,N,,,,09/14/2026,ISOM,,,,,PROACTIVE,N,Y,Y,,5,3.33
Ramsey Express Trucking INC,ISOMRamse32624,,ABV,8310016207102,N,,,,09/14/2026,ISOM,,,,,PROACTIVE,N,Y,Y,,5,3.33
Rancho Bernardo Courtyard,ISOMRanch31182,,ABV,8310016101475,N,,,,09/14/2026,ISOM,,,,,PROACTIVE,N,Y,Y,,5,3.33
Randys Worldwide,ISOMRandy31255,,ABV,8310016168687,N,,,,09/14/2026,ISOM,,,,,PROACTIVE,N,Y,Y,,5,3.33
Ravenswood Apartments,ISOMRaven31243,,ABV,8310016135042,N,,,,09/14/2026,ISOM,,,,,PROACTIVE,N,Y,Y,,5,3.33
Ray Mun Loo MD Medical Corporation,ISOMRayMu32004,,ABV,8310016345876,N,,,,09/14/2026,ISOM,,,,,PROACTIVE,N,Y,Y,,5,3.33
"Raymer Ss Investors, LLC",ISOMRayme31351,,ABV,8310016382329,N,,,,09/14/2026,ISOM,,,,,PROACTIVE,N,Y,Y,,5,3.33
"Recob Real Estate Services, Inc.",ISOMRecob31970,,ABV,8310016044837,N,,,,09/14/2026,ISOM,,,,,PROACTIVE,N,Y,Y,,5,3.33
Relative Spaces LLC,ISOMRelat31354,,ABV,8310016313791,N,,,,09/14/2026,ISOM,,,,,PROACTIVE,N,Y,Y,,5,3.33
Retail Opportunity,ISOMRetai31826,,ABV,8310016247659,N,,,,09/14/2026,ISOM,,,,,PROACTIVE,N,N,Y,,5,3.33
"Rialto Family Housing Partners II, L.P.",ISOMRialt31307,,ABV,8310016200113,N,,,,09/14/2026,ISOM,,,,,PROACTIVE,N,Y,Y,,5,3.33
Richard H Laude MD Inc,ISOMRicha32469,,ABV,8310016310594,N,,,,09/14/2026,ISOM,,,,,PROACTIVE,N,Y,Y,,5,3.33
Richard J. Bocci Realty,ISOMRicha32650,,ABV,8310016121599,N,,,,09/14/2026,ISOM,,,,,PROACTIVE,N,Y,Y,,5,3.33
"Riegal Property Management, INC",ISOMRiega31472,,ABV,8310016354674,N,,,,09/14/2026,ISOM,,,,,PROACTIVE,N,Y,Y,,5,3.33
Rita S Lee,ISOMRitaS32695,,ABV,8310015565763,N,,,,09/14/2026,ISOM,,,,,PROACTIVE,N,Y,Y,,5,3.33
Rita Zenkus,ISOMRitaZ32276,,ABV,8310015948012,N,,,,09/14/2026,ISOM,,,,,PROACTIVE,N,Y,Y,,5,3.33
Riverside Villas,ISOMRiver31262,,ABV,8310016156407,N,,,,09/14/2026,ISOM,,,,,PROACTIVE,N,Y,Y,,5,3.33
Roadrunner Towing and Recovery,ISOMRoadr32051,,ABV,8310015951249,N,,,,09/14/2026,ISOM,,,,,PROACTIVE,N,Y,Y,,5,3.33
Robert J. Cort Marital Trust,ISOMRober32161,,ABV,8310015612422,N,,,,09/14/2026,ISOM,,,,,PROACTIVE,N,Y,Y,,5,3.33
"Roberts Mechanical & Electrical, Inc.",ISOMRober32581,,ABV,8310016348671,N,,,,09/14/2026,ISOM,,,,,PROACTIVE,N,Y,Y,,5,3.33
Robert J. Cort Marital Trust,ISOMRober32733,,ABV,8310015612424,N,,,,09/14/2026,ISOM,,,,,PROACTIVE,N,Y,Y,,5,3.33
Robinson Ranch Golf LLC,ISOMRobin31441,,ABV,8310016206394,N,,,,09/14/2026,ISOM,,,,,PROACTIVE,N,Y,Y,,5,3.33
Rockstar Music,ISOMRocks31126,,ABV,8310015896340,N,,,,09/14/2026,ISOM,,,,,PROACTIVE,N,Y,Y,,5,3.33
Rodrigues Holdings,ISOMRodri30993,,ABV,8310015498150,N,,,,09/14/2026,ISOM,,,,,PROACTIVE,N,Y,Y,,5,3.33
Rodrigues Holdings,ISOMRodri31680,,ABV,8310015836144,N,,,,09/14/2026,ISOM,,,,,PROACTIVE,N,Y,Y,,5,3.33
"Ronald B. Quinn & Company, Inc.",ISOMRonal32582,,ABV,8310016340617,N,,,,09/14/2026,ISOM,,,,,PROACTIVE,N,Y,Y,,5,3.33
"Rosh Investments, LLC",ISOMRoshI32050,,ABV,8310015947853,N,,,,09/14/2026,ISOM,,,,,PROACTIVE,N,Y,Y,,5,3.33
"Roxanne Sotano, Inc.",ISOMRoxan32404,,ABV,8310016350151,N,,,,09/14/2026,ISOM,,,,,PROACTIVE,N,Y,Y,,5,3.33
Ruoff Restaurants LLC,ISOMRuoff31631,,ABV,8310015612906,N,,,,09/14/2026,ISOM,,,,,PROACTIVE,N,Y,Y,,5,3.33
Ruoff Restaurants LLC,ISOMRuoff32759,,ABV,8310015729904,N,,,,09/14/2026,ISOM,,,,,PROACTIVE,N,Y,Y,,5,3.33
"Rust & Rust, Inc.",ISOMRustR31439,,ABV,8310016216222,N,,,,09/14/2026,ISOM,,,,,PROACTIVE,N,Y,Y,,5,3.33
SAGAR DINER INC,ISOMSAGAR32135,,ABV,8310015550885,N,,,,09/14/2026,ISOM,,,,,PROACTIVE,N,Y,Y,,5,3.33
SAGAR DINER INC,ISOMSAGAR32688,,ABV,8310015508450,N,,,,09/14/2026,ISOM,,,,,PROACTIVE,N,Y,Y,,5,3.33
SAINT ANDREW HEALTHCARE,ISOMSAINT31626,,ABV,8310015649019,N,,,,09/14/2026,ISOM,,,,,PROACTIVE,N,Y,Y,,5,3.33
SAINT JOHNS VILLAGE RSC,ISOMSAINT32117,,ABV,8310015502781,N,,,,09/14/2026,ISOM,,,,,PROACTIVE,N,Y,Y,,5,3.33
SAKURA OF AMERICA,ISOMSAKUR31088,,ABV,8310015702928,N,,,,09/14/2026,ISOM,,,,,PROACTIVE,N,Y,Y,,5,3.33
SALTWATER INVESTMENTS I LP,ISOMSALTW32131,,ABV,8310015545787,N,,,,09/14/2026,ISOM,,,,,PROACTIVE,N,Y,Y,,5,3.33
SAM CHO DBA SPRING FIELD BAN,ISOMSAMCH32574,,ABV,8310016144662,N,,,,09/14/2026,ISOM,,,,,PROACTIVE,N,Y,Y,,5,3.33
SAME DAY MOLD TESTING INC,ISOMSAMED31295,,ABV,8310016341672,N,,,,09/14/2026,ISOM,,,,,PROACTIVE,N,Y,Y,,5,3.33
SAM GRANATO INSUR SVC,ISOMSAMGR31398,,ABV,8310015731811,N,,,,09/14/2026,ISOM,,,,,PROACTIVE,N,Y,Y,,5,3.33
SAMUEL WRIGHT,ISOMSAMUE32397,,ABV,8310016316880,N,,,,09/14/2026,ISOM,,,,,PROACTIVE,N,Y,Y,,5,3.33
SAN ANTONIO WINERY,ISOMSANAN32703,,ABV,8310015564653,N,,,,09/14/2026,ISOM,,,,,PROACTIVE,N,Y,Y,,5,3.33
SAND CREEK BUSINESS MANAGMENT,ISOMSANDC31804,,ABV,8310016173036,N,,,,09/14/2026,ISOM,,,,,PROACTIVE,N,Y,Y,,5,3.33
SANDREE LLC,ISOMSANDR31516,,ABV,8310016184392,N,,,,09/14/2026,ISOM,,,,,PROACTIVE,N,Y,Y,,5,3.33
SANDY ROCCO,ISOMSANDY31903,,ABV,8310015759965,N,,,,09/14/2026,ISOM,,,,,PROACTIVE,N,Y,Y,,5,3.33
SAN FRANCISCO FEDERAL CREDIT UNION,ISOMSANFR31231,,ABV,8310016277929,N,,,,09/14/2026,ISOM,,,,,PROACTIVE,N,Y,Y,,5,3.33
SAN FRANCISCO FEDERAL CREDIT UNION,ISOMSANFR31233,,ABV,8310016277927,N,,,,09/14/2026,ISOM,,,,,PROACTIVE,N,Y,Y,,5,3.33
SAN FRANCISCO FEDERAL CREDIT UNION,ISOMSANFR31234,,ABV,8310016277931,N,,,,09/14/2026,ISOM,,,,,PROACTIVE,N,Y,Y,,5,3.33
SAN JOSE CANDLE CO,ISOMSANJO31561,,ABV,8310016410316,N,,,,09/14/2026,ISOM,,,,,PROACTIVE,N,Y,Y,,5,3.33
SAN JOSE PANCAKE INC,ISOMSANJO32186,,ABV,8310015731032,N,,,,09/14/2026,ISOM,,,,,PROACTIVE,N,Y,Y,,5,3.33
SAN MIGUEL III HOA,ISOMSANMI31575,,ABV,8310015494742,N,,,,09/14/2026,ISOM,,,,,PROACTIVE,N,Y,Y,,5,3.33
SAN MIGUEL H O A,ISOMSANMI32840,,ABV,8310015970692,N,,,,09/14/2026,ISOM,,,,,PROACTIVE,N,Y,Y,,5,3.33
SAN RAFL GBLS HMOWNRS,ISOMSANRA32531,,ABV,8310016132083,N,,,,09/14/2026,ISOM,,,,,PROACTIVE,N,Y,Y,,5,3.33
SANTA CRUZ PLAZA LTD,ISOMSANTA32747,,ABV,8310015726480,N,,,,09/14/2026,ISOM,,,,,PROACTIVE,N,Y,Y,,5,3.33
SANYIKA LLC,ISOMSANYI32366,,ABV,8310016134963,N,,,,09/14/2026,ISOM,,,,,PROACTIVE,N,Y,Y,,5,3.33
SAVE OUR HERITAGE ORGANISATI,ISOMSAVEO31589,,ABV,8310015502686,N,,,,09/14/2026,ISOM,,,,,PROACTIVE,N,Y,Y,,5,3.33
SBD Group Inc,ISOMSBDGr32301,,ABV,8310016065359,N,,,,09/14/2026,ISOM,,,,,PROACTIVE,N,Y,Y,,5,3.33
SCREENBEAM,ISOMSCREE31658,,ABV,8310015709684,N,,,,09/14/2026,ISOM,,,,,PROACTIVE,N,Y,Y,,5,3.33
SCS DEVELOPMENT,ISOMSCSDE32188,,ABV,8310015734421,N,,,,09/14/2026,ISOM,,,,,PROACTIVE,N,Y,Y,,5,3.33
"SDG GREEN ISLAND 258,LLC",ISOMSDGGR31092,,ABV,8310015799669,N,,,,09/14/2026,ISOM,,,,,PROACTIVE,N,Y,Y,,5,3.33
SEAN P CLINES,ISOMSEANP31003,,ABV,8310015506918,N,,,,09/14/2026,ISOM,,,,,PROACTIVE,N,Y,Y,,5,3.33
SEASHORE CONDO ASSOC,ISOMSEASH32233,,ABV,8310015856824,N,,,,09/14/2026,ISOM,,,,,PROACTIVE,N,Y,Y,,5,3.33
SECURITY TELECOMMUNICATIONS,ISOMSECUR31394,,ABV,8310015881379,N,,,,09/14/2026,ISOM,,,,,PROACTIVE,N,Y,Y,,5,3.33
SENDX MEDICAL INC,ISOMSENDX32199,,ABV,8310015605952,N,,,,09/14/2026,ISOM,,,,,PROACTIVE,N,Y,Y,,5,3.33
SENS HOTEL & BISTRO BERKELEY,ISOMSENSH32220,,ABV,8310015759562,N,,,,09/14/2026,ISOM,,,,,PROACTIVE,N,Y,Y,,5,3.33
SENSPA LLC,ISOMSENSP31674,,ABV,8310015743802,N,,,,09/14/2026,ISOM,,,,,PROACTIVE,N,Y,Y,,5,3.33
SEQUOIA ORTHOPAEDIC & SPINE,ISOMSEQUO31381,,ABV,8310015860771,N,,,,09/14/2026,ISOM,,,,,PROACTIVE,N,Y,Y,,5,3.33
SEQUOIA TRANSITIONAL CARE,ISOMSEQUO31741,,ABV,8310016090788,N,,,,09/14/2026,ISOM,,,,,PROACTIVE,N,Y,Y,,5,3.33
SERENA VISTA APTS LLC,ISOMSEREN31384,,ABV,8310015792623,N,,,,09/14/2026,ISOM,,,,,PROACTIVE,N,Y,Y,,5,3.33
SERRA PARK HLTH CNTR,ISOMSERRA31189,,ABV,8310016005093,N,,,,09/14/2026,ISOM,,,,,PROACTIVE,N,Y,Y,,5,3.33
SEVEN OAKS BUSINESS PARK ONE,ISOMSEVEN32044,,ABV,8310016191792,N,,,,09/14/2026,ISOM,,,,,PROACTIVE,N,Y,Y,,5,3.33
SEVERINO MANNI,ISOMSEVER32294,,ABV,8310015987704,N,,,,09/14/2026,ISOM,,,,,PROACTIVE,N,Y,Y,,5,3.33
SFF 3565 HAVEN LLC,ISOMSFF3531583,,ABV,8310015514275,N,,,,09/14/2026,ISOM,,,,,PROACTIVE,N,Y,Y,,5,3.33
"SFF MVCC, LLC",ISOMSFFMV31212,,ABV,8310016122171,N,,,,09/14/2026,ISOM,,,,,PROACTIVE,N,Y,Y,,5,3.33
SFV FACILITY MANAGEMENT,ISOMSFVFA31288,,ABV,8310016347465,N,,,,09/14/2026,ISOM,,,,,PROACTIVE,N,Y,Y,,5,3.33
S G HERNANDEZ DBA SARATOGA MOTEL-14626 BIG BASIN WAY-1,ISOMSGHER31571,,ABV,8310015379551,N,,,,09/14/2026,ISOM,,,,,PROACTIVE,N,Y,Y,,5,3.33
SHAHMUN CORP,ISOMSHAHM31953,,ABV,8310016171234,N,,,,09/14/2026,ISOM,,,,,PROACTIVE,N,Y,Y,,5,3.33
SHEEDY DRAYAGE CO,ISOMSHEED32532,,ABV,8310016143011,N,,,,09/14/2026,ISOM,,,,,PROACTIVE,N,Y,Y,,5,3.33
SHEILA GREEBERG,ISOMSHEIL31617,,ABV,8310015661864,N,,,,09/14/2026,ISOM,,,,,PROACTIVE,N,Y,Y,,5,3.33
SHEK YEE LAU-20735 STEVENS CREEK BLVD-1,ISOMSHEKY32096,,ABV,8310015373369,N,,,,09/14/2026,ISOM,,,,,PROACTIVE,N,Y,Y,,5,3.33
SHEMIRANI BOBBY DDS MS,ISOMSHEMI32160,,ABV,8310015575499,N,,,,09/14/2026,ISOM,,,,,PROACTIVE,N,Y,Y,,5,3.33
SHIRLEY FRIEDMAN,ISOMSHIRL32318,,ABV,8310016254301,N,,,,09/14/2026,ISOM,,,,,PROACTIVE,N,Y,Y,,5,3.33
SIERRAVILLE SERVICE & COUNTRY,ISOMSIERR32033,,ABV,8310016162208,N,,,,09/14/2026,ISOM,,,,,PROACTIVE,N,Y,Y,,5,3.33
SILVER OAK CELLARS 7300,ISOMSILVE31773,,ABV,8310016117268,N,,,,09/14/2026,ISOM,,,,,PROACTIVE,N,Y,Y,,5,3.33
SILVERADO,ISOMSILVE31839,,ABV,8310016352213,N,,,,09/14/2026,ISOM,,,,,PROACTIVE,N,Y,Y,,5,3.33
SIMONIAN FARMING CO PILIBOS,ISOMSIMON31005,,ABV,8310015500315,N,,,,09/14/2026,ISOM,,,,,PROACTIVE,N,Y,Y,,5,3.33
SIMON MANI,ISOMSIMON32765,,ABV,8310015691299,N,,,,09/14/2026,ISOM,,,,,PROACTIVE,N,Y,Y,,5,3.33
SIMPLER GIFTS PRESS,ISOMSIMPL32074,,ABV,8310015709379,N,,,,09/14/2026,ISOM,,,,,PROACTIVE,N,Y,Y,,5,3.33
SINAI MEMORIAL CHAPEL,ISOMSINAI31653,,ABV,8310015726295,N,,,,09/14/2026,ISOM,,,,,PROACTIVE,N,Y,Y,,5,3.33
SKI AIR INC,ISOMSKIAI31259,,ABV,8310016171121,N,,,,09/14/2026,ISOM,,,,,PROACTIVE,N,Y,Y,,5,3.33
SKIN and CANCER INSTITUTE,ISOMSKINa31166,,ABV,8310015946340,N,,,,09/14/2026,ISOM,,,,,PROACTIVE,N,N,Y,,5,3.33
"S & L Labor Services, Inc.",ISOMSLLab32348,,ABV,8310016300973,N,,,,09/14/2026,ISOM,,,,,PROACTIVE,N,Y,Y,,5,3.33
SLO GROWN PRODUCE INC,ISOMSLOGR32777,,ABV,8310015773992,N,,,,09/14/2026,ISOM,,,,,PROACTIVE,N,Y,Y,,5,3.33
"SMITH & WATKINS,LLC",ISOMSMITH32516,,ABV,8310016113355,N,,,,09/14/2026,ISOM,,,,,PROACTIVE,N,Y,Y,,5,3.33
SOF-XI WFO CENTER 21 LLC,ISOMSOF-X31758,,ABV,8310016239760,N,,,,09/14/2026,ISOM,,,,,PROACTIVE,N,Y,Y,,5,3.33
SOLANA BEACH SCHOOL DISTRICT,ISOMSOLAN31862,,ABV,8310016371393,N,,,,09/14/2026,ISOM,,,,,PROACTIVE,N,Y,Y,,5,3.33
SON H LE MD DBA,ISOMSONHL30998,,ABV,8310015514150,N,,,,09/14/2026,ISOM,,,,,PROACTIVE,N,Y,Y,,5,3.33
SON H LE MD DBA,ISOMSONHL32106,,ABV,8310015497769,N,,,,09/14/2026,ISOM,,,,,PROACTIVE,N,Y,Y,,5,3.33
SONIC MANUFACTURE,ISOMSONIC32465,,ABV,8310016304437,N,,,,09/14/2026,ISOM,,,,,PROACTIVE,N,Y,Y,,5,3.33
SONOMA'S FINEST,ISOMSONOM31432,,ABV,8310016199915,N,,,,09/14/2026,ISOM,,,,,PROACTIVE,N,Y,Y,,5,3.33
SOPHIA RHEE,ISOMSOPHI31050,,ABV,8310015615327,N,,,,09/14/2026,ISOM,,,,,PROACTIVE,N,Y,Y,,5,3.33
SOPHILYA PROPERTIES LLC,ISOMSOPHI32262,,ABV,8310015960457,N,,,,09/14/2026,ISOM,,,,,PROACTIVE,N,Y,Y,,5,3.33
SOUTHGATE MOBILE ESTATES,ISOMSOUTH30989,,ABV,8310015490462,N,,,,09/14/2026,ISOM,,,,,PROACTIVE,N,Y,Y,,5,3.33
SOUTH BAY CREST HOA,ISOMSOUTH31505,,ABV,8310016147988,N,,,,09/14/2026,ISOM,,,,,PROACTIVE,N,Y,Y,,5,3.33
SOUTH ORANGE GROVE LLC,ISOMSOUTH32748,,ABV,8310015730470,N,,,,09/14/2026,ISOM,,,,,PROACTIVE,N,Y,Y,,5,3.33
SPANNS COOKIE CO,ISOMSPANN32027,,ABV,8310016135299,N,,,,09/14/2026,ISOM,,,,,PROACTIVE,N,Y,Y,,5,3.33
SPANNS COOKIE CO,ISOMSPANN32514,,ABV,8310016135297,N,,,,09/14/2026,ISOM,,,,,PROACTIVE,N,Y,Y,,5,3.33
SPARKS ENTERPRISES,ISOMSPARK31495,,ABV,8310015738111,N,,,,09/14/2026,ISOM,,,,,PROACTIVE,N,Y,Y,,5,3.33
SPRINGHILL SUITES TRUCKEE,ISOMSPRIN31136,,ABV,8310015931156,N,,,,09/14/2026,ISOM,,,,,PROACTIVE,N,Y,Y,,5,3.33
ST. JOHN GARABED ARMENIAN APOS,ISOMST.JO32016,,ABV,8310016361585,N,,,,09/14/2026,ISOM,,,,,PROACTIVE,N,Y,Y,,5,3.33
STC VENTURE LLC,ISOMSTCVE32575,,ABV,8310016318416,N,,,,09/14/2026,ISOM,,,,,PROACTIVE,N,Y,Y,,5,3.33
STEVE NOVARRO,ISOMSTEVE31497,,ABV,8310015774284,N,,,,09/14/2026,ISOM,,,,,PROACTIVE,N,Y,Y,,5,3.33
STEVEN GONZALEZ,ISOMSTEVE31519,,ABV,8310015881421,N,,,,09/14/2026,ISOM,,,,,PROACTIVE,N,Y,Y,,5,3.33
ST FRANCIS WAY,ISOMSTFRA32254,,ABV,8310015875298,N,,,,09/14/2026,ISOM,,,,,PROACTIVE,N,Y,Y,,5,3.33
ST HELENA MONTESSORI,ISOMSTHEL32125,,ABV,8310015551465,N,,,,09/14/2026,ISOM,,,,,PROACTIVE,N,Y,Y,,5,3.33
STILLLIFE CONSTRUCTION OF,ISOMSTILL32498,,ABV,8310015807130,N,,,,09/14/2026,ISOM,,,,,PROACTIVE,N,Y,Y,,5,3.33
ST JAMES PLACE,ISOMSTJAM31257,,ABV,8310016155251,N,,,,09/14/2026,ISOM,,,,,PROACTIVE,N,Y,Y,,5,3.33
ST JAMES PLACE,ISOMSTJAM32794,,ABV,8310015827614,N,,,,09/14/2026,ISOM,,,,,PROACTIVE,N,Y,Y,,5,3.33
STONEHAVEN MAINTENANCE CORP,ISOMSTONE31117,,ABV,8310015801271,N,,,,09/14/2026,ISOM,,,,,PROACTIVE,N,Y,Y,,5,3.33
STONE RIDGE MANAGAMENT,ISOMSTONE31328,,ABV,8310016345648,N,,,,09/14/2026,ISOM,,,,,PROACTIVE,N,Y,Y,,5,3.33
STONEGATE APARTMENTS,ISOMSTONE31646,,ABV,8310015726656,N,,,,09/14/2026,ISOM,,,,,PROACTIVE,N,Y,Y,,5,3.33
STONE HARBOR INC,ISOMSTONE32214,,ABV,8310015781281,N,,,,09/14/2026,ISOM,,,,,PROACTIVE,N,Y,Y,,5,3.33
STORAGEPRO INC,ISOMSTORA31039,,ABV,8310015572402,N,,,,09/14/2026,ISOM,,,,,PROACTIVE,N,Y,Y,,5,3.33
SUGAR SPRINGS HOA,ISOMSUGAR32489,,ABV,8310016340807,N,,,,09/14/2026,ISOM,,,,,PROACTIVE,N,Y,Y,,5,3.33
SUIS VLY FRT GRWRS ASSN,ISOMSUISV31237,,ABV,8310016299719,N,,,,09/14/2026,ISOM,,,,,PROACTIVE,N,Y,Y,,5,3.33
SUMMIT CREST INVEST INC,ISOMSUMMI31316,,ABV,8310016196535,N,,,,09/14/2026,ISOM,,,,,PROACTIVE,N,Y,Y,,5,3.33
SUN CITY LINCOLN HILLS,ISOMSUNCI31538,,ABV,8310016094872,N,,,,09/14/2026,ISOM,,,,,PROACTIVE,N,Y,Y,,5,3.33
SUN CITY LINCOLN HILLS,ISOMSUNCI31739,,ABV,8310016094866,N,,,,09/14/2026,ISOM,,,,,PROACTIVE,N,Y,Y,,5,3.33
SUNWEST METALS,ISOMSUNWE32783,,ABV,8310015846600,N,,,,09/14/2026,ISOM,,,,,PROACTIVE,N,Y,Y,,5,3.33
SUPER QUICK LIQUOR,ISOMSUPER31796,,ABV,8310016277212,N,,,,09/14/2026,ISOM,,,,,PROACTIVE,N,Y,Y,,5,3.33
S V S C Inc,ISOMSVSCI31851,,ABV,8310016231344,N,,,,09/14/2026,ISOM,,,,,PROACTIVE,N,Y,Y,,5,3.33
SYCAMORE WALK CORPORATION,ISOMSYCAM31375,,ABV,8310015702931,N,,,,09/14/2026,ISOM,,,,,PROACTIVE,N,Y,Y,,5,3.33
SYCAMORE OF ALAMEDA HOA,ISOMSYCAM31748,,ABV,8310016005094,N,,,,09/14/2026,ISOM,,,,,PROACTIVE,N,Y,Y,,5,3.33
SYCAMORE OF ALAMEDA HOA,ISOMSYCAM31823,,ABV,8310016349610,N,,,,09/14/2026,ISOM,,,,,PROACTIVE,N,Y,Y,,5,3.33
SYDRI OPERATING LLC,ISOMSYDRI31930,,ABV,8310015872604,N,,,,09/14/2026,ISOM,,,,,PROACTIVE,N,Y,Y,,5,3.33
Sacramento Computer Power Inc,ISOMSacra32260,,ABV,8310015873485,N,,,,09/14/2026,ISOM,,,,,PROACTIVE,N,Y,Y,,5,3.33
Safety Investment Company,ISOMSafet32601,,ABV,8310016220906,N,,,,09/14/2026,ISOM,,,,,PROACTIVE,N,Y,Y,,5,3.33
Saint Germain Foundation,ISOMSaint31098,,ABV,8310015792751,N,,,,09/14/2026,ISOM,,,,,PROACTIVE,N,Y,Y,,5,3.33
Saint Helena Purilieu North,ISOMSaint31245,,ABV,8310016267562,N,,,,09/14/2026,ISOM,,,,,PROACTIVE,N,Y,Y,,5,3.33
Salvio Medical Office LLC,ISOMSalvi31433,,ABV,8310015890537,N,,,,09/14/2026,ISOM,,,,,PROACTIVE,N,Y,Y,,5,3.33
"Sam & Ron, Inc.",ISOMSamRo32338,,ABV,8310016265073,N,,,,09/14/2026,ISOM,,,,,PROACTIVE,N,Y,Y,,5,3.33
San Diego Comic Convention,ISOMSanDi30990,,ABV,8310015488828,N,,,,09/14/2026,ISOM,,,,,PROACTIVE,N,Y,Y,,5,3.33
San Diego Commercial Real,ISOMSanDi31421,,ABV,8310016147981,N,,,,09/14/2026,ISOM,,,,,PROACTIVE,N,Y,Y,,5,3.33
San Joaquin County Historical Society,ISOMSanJo31943,,ABV,8310016105511,N,,,,09/14/2026,ISOM,,,,,PROACTIVE,N,Y,Y,,5,3.33
San Marco Medical Building,ISOMSanMa31702,,ABV,8310015886313,N,,,,09/14/2026,ISOM,,,,,PROACTIVE,N,Y,Y,,5,3.33
San Pedro Public Market LLC,ISOMSanPe32684,,ABV,8310015498351,N,,,,09/14/2026,ISOM,,,,,PROACTIVE,N,Y,Y,,5,3.33
Sandra Mann,ISOMSandr31820,,ABV,8310016321555,N,,,,09/14/2026,ISOM,,,,,PROACTIVE,N,Y,Y,,5,3.33
Santa Rosa Town Center,ISOMSanta32081,,ABV,8310016393869,N,,,,09/14/2026,ISOM,,,,,PROACTIVE,N,Y,Y,,5,3.33
Santa Cruz Mountain Winegrowers Assn,ISOMSanta32580,,ABV,8310016357869,N,,,,09/14/2026,ISOM,,,,,PROACTIVE,N,Y,Y,,5,3.33
Santoras Pizza Subs & Wings,ISOMSanto32697,,ABV,8310015563862,N,,,,09/14/2026,ISOM,,,,,PROACTIVE,N,Y,Y,,5,3.33
Scripps Ranch LLC,ISOMScrip32824,,ABV,8310015883423,N,,,,09/14/2026,ISOM,,,,,PROACTIVE,N,Y,Y,,5,3.33
Second Shattuck LLC,ISOMSecon32804,,ABV,8310015815581,N,,,,09/14/2026,ISOM,,,,,PROACTIVE,N,Y,Y,,5,3.33
"Self Storage Usa, LLC",ISOMSelfS31022,,ABV,8310015663589,N,,,,09/14/2026,ISOM,,,,,PROACTIVE,N,Y,Y,,5,3.33
Sentry Living Solutions,ISOMSentr32550,,ABV,8310015979060,N,,,,09/14/2026,ISOM,,,,,PROACTIVE,N,Y,Y,,5,3.33
"Seqgen, Inc.",ISOMSeqge32805,,ABV,8310015834936,N,,,,09/14/2026,ISOM,,,,,PROACTIVE,N,Y,Y,,5,3.33
Sff Realty Corporation III,ISOMSffRe31006,,ABV,8310015504190,N,,,,09/14/2026,ISOM,,,,,PROACTIVE,N,Y,Y,,5,3.33
Sff Realty Corporation III,ISOMSffRe31032,,ABV,8310015673361,N,,,,09/14/2026,ISOM,,,,,PROACTIVE,N,N,Y,,5,3.33
Sff Realty Corporation III,ISOMSffRe31574,,ABV,8310015492933,N,,,,09/14/2026,ISOM,,,,,PROACTIVE,N,Y,Y,,5,3.33
"Shahida Y. Mohammad, M.D., Inc.",ISOMShahi31315,,ABV,8310016332708,N,,,,09/14/2026,ISOM,,,,,PROACTIVE,N,Y,Y,,5,3.33
Shapell Aliso Village LLC,ISOMShape32657,,ABV,8310016394462,N,,,,09/14/2026,ISOM,,,,,PROACTIVE,N,Y,Y,,5,3.33
"Shatto Summit Properties, LLC",ISOMShatt32686,,ABV,8310015512765,N,,,,09/14/2026,ISOM,,,,,PROACTIVE,N,Y,Y,,5,3.33
"Shelter Cove Community Church, Inc.",ISOMShelt32736,,ABV,8310015635559,N,,,,09/14/2026,ISOM,,,,,PROACTIVE,N,Y,Y,,5,3.33
Sherman Oaks Medical Art Center,ISOMSherm32751,,ABV,8310015734376,N,,,,09/14/2026,ISOM,,,,,PROACTIVE,N,Y,Y,,5,3.33
Showplace East,ISOMShowp32725,,ABV,8310015639575,N,,,,09/14/2026,ISOM,,,,,PROACTIVE,N,Y,Y,,5,3.33
Sierra Vista Village Homeowners Association,ISOMSierr31693,,ABV,8310015889678,N,,,,09/14/2026,ISOM,,,,,PROACTIVE,N,Y,Y,,5,3.33
Sierra Village Inc,ISOMSierr31825,,ABV,8310016344024,N,,,,09/14/2026,ISOM,,,,,PROACTIVE,N,Y,Y,,5,3.33
"Sierra Valley Hulling, LLC",ISOMSierr31955,,ABV,8310016126186,N,,,,09/14/2026,ISOM,,,,,PROACTIVE,N,Y,Y,,5,3.33
Simpson Frame Service,ISOMSimps31100,,ABV,8310015755451,N,,,,09/14/2026,ISOM,,,,,PROACTIVE,N,Y,Y,,5,3.33
"Six Degrees Coffee Service & Distribution, Inc.",ISOMSixDe31267,,ABV,8310016323318,N,,,,09/14/2026,ISOM,,,,,PROACTIVE,N,Y,Y,,5,3.33
"Smee Homes, Inc.",ISOMSmeeH31887,,ABV,8310016331462,N,,,,09/14/2026,ISOM,,,,,PROACTIVE,N,Y,Y,,5,3.33
"Smile Business Products, Inc.",ISOMSmile32792,,ABV,8310015856955,N,,,,09/14/2026,ISOM,,,,,PROACTIVE,N,Y,Y,,5,3.33
Smith's Bakeries,ISOMSmith32442,,ABV,8310016210384,N,,,,09/14/2026,ISOM,,,,,PROACTIVE,N,Y,Y,,5,3.33
Snyder Family Trust,ISOMSnyde31153,,ABV,8310015958030,N,,,,09/14/2026,ISOM,,,,,PROACTIVE,N,Y,Y,,5,3.33
Solheim Lutheran Home,ISOMSolhe31469,,ABV,8310016133637,N,,,,09/14/2026,ISOM,,,,,PROACTIVE,N,Y,Y,,5,3.33
Somarts,ISOMSomar31109,,ABV,8310015827047,N,,,,09/14/2026,ISOM,,,,,PROACTIVE,N,Y,Y,,5,3.33
Sonic Towing Inc.,ISOMSonic32633,,ABV,8310015970437,N,,,,09/14/2026,ISOM,,,,,PROACTIVE,N,Y,Y,,5,3.33
Sonny Moore,ISOMSonny32608,,ABV,8310016155259,N,,,,09/14/2026,ISOM,,,,,PROACTIVE,N,Y,Y,,5,3.33
"Sosu Investors, LLC",ISOMSosuI32478,,ABV,8310016300960,N,,,,09/14/2026,ISOM,,,,,PROACTIVE,N,Y,Y,,5,3.33
"Spalding Mortuary, Inc.",ISOMSpald32604,,ABV,8310016139331,N,,,,09/14/2026,ISOM,,,,,PROACTIVE,N,Y,Y,,5,3.33
"Spirit Motorcycles San Jose, LLC",ISOMSpiri32519,,ABV,8310016107737,N,,,,09/14/2026,ISOM,,,,,PROACTIVE,N,Y,Y,,5,3.33
Spring Towers LLC,ISOMSprin31836,,ABV,8310016342729,N,,,,09/14/2026,ISOM,,,,,PROACTIVE,N,Y,Y,,5,3.33
St. John of God Retirement and Care Center,ISOMSt.Jo31493,,ABV,8310016249350,N,,,,09/14/2026,ISOM,,,,,PROACTIVE,N,Y,Y,,5,3.33
St. John of God Retirement and Care Center,ISOMSt.Jo31876,,ABV,8310016371472,N,,,,09/14/2026,ISOM,,,,,PROACTIVE,N,Y,Y,,5,3.33
St. John of God Retirement and Care Center,ISOMSt.Jo32413,,ABV,8310016330736,N,,,,09/14/2026,ISOM,,,,,PROACTIVE,N,Y,Y,,5,3.33
St. Peter The Apostle Catholic Church,ISOMSt.Pe31523,,ABV,8310015914516,N,,,,09/14/2026,ISOM,,,,,PROACTIVE,N,Y,Y,,5,3.33
St Peter's Episcopal Church,ISOMStPet31569,,ABV,8310015355489,N,,,,09/14/2026,ISOM,,,,,PROACTIVE,N,Y,Y,,5,3.33
St Peter's Episcopal Church,ISOMStPet32112,,ABV,8310015513928,N,,,,09/14/2026,ISOM,,,,,PROACTIVE,N,Y,Y,,5,3.33
Stallion Springs Resort LLC,ISOMStall32379,,ABV,8310016162478,N,,,,09/14/2026,ISOM,,,,,PROACTIVE,N,Y,Y,,5,3.33
"Steelco Builders, Inc.",ISOMSteel31787,,ABV,8310016303301,N,,,,09/14/2026,ISOM,,,,,PROACTIVE,N,Y,Y,,5,3.33
"Steelwave, Inc.",ISOMSteel32836,,ABV,8310015952821,N,,,,09/14/2026,ISOM,,,,,PROACTIVE,N,N,Y,,5,3.33
Stephen Hollywood,ISOMSteph32417,,ABV,8310016192336,N,,,,09/14/2026,ISOM,,,,,PROACTIVE,N,Y,Y,,5,3.33
"Steward Realty Management Company, Inc",ISOMStewa31179,,ABV,8310016100996,N,,,,09/14/2026,ISOM,,,,,PROACTIVE,N,Y,Y,,5,3.33
"Steward Realty Management Company, Inc",ISOMStewa31454,,ABV,8310016102556,N,,,,09/14/2026,ISOM,,,,,PROACTIVE,N,Y,Y,,5,3.33
"Steward Realty Management Company, Inc",ISOMStewa32521,,ABV,8310016109040,N,,,,09/14/2026,ISOM,,,,,PROACTIVE,N,Y,Y,,5,3.33
Sticks and Stones Trucking,ISOMStick32034,,ABV,8310016155203,N,,,,09/14/2026,ISOM,,,,,PROACTIVE,N,Y,Y,,5,3.33
Stone Canyon Apartments,ISOMStone32327,,ABV,8310016093940,N,,,,09/14/2026,ISOM,,,,,PROACTIVE,N,Y,Y,,5,3.33
Subway,ISOMSubwa32551,,ABV,8310015965322,N,,,,09/14/2026,ISOM,,,,,PROACTIVE,N,Y,Y,,5,3.33
"Sun-Beam Raisin Company, Inc.",ISOMSun-B31296,,ABV,8310016345399,N,,,,09/14/2026,ISOM,,,,,PROACTIVE,N,Y,Y,,5,3.33
Sun Power Powder Coating,ISOMSunPo31417,,ABV,8310016169382,N,,,,09/14/2026,ISOM,,,,,PROACTIVE,N,Y,Y,,5,3.33
Sun Valley Septic Tank Pumping,ISOMSunVa31343,,ABV,8310016365737,N,,,,09/14/2026,ISOM,,,,,PROACTIVE,N,Y,Y,,5,3.33
Sunflower Townhomes Condominium Homeowners Association,ISOMSunfl31577,,ABV,8310015496118,N,,,,09/14/2026,ISOM,,,,,PROACTIVE,N,Y,Y,,5,3.33
Sunny Hills Montessori academy,ISOMSunny31086,,ABV,8310015711669,N,,,,09/14/2026,ISOM,,,,,PROACTIVE,N,Y,Y,,5,3.33
"Sunny Lu & Associates, Inc.",ISOMSunny31966,,ABV,8310015947976,N,,,,09/14/2026,ISOM,,,,,PROACTIVE,N,Y,Y,,5,3.33
Sunrise Christian Pre School,ISOMSunri31251,,ABV,8310016159298,N,,,,09/14/2026,ISOM,,,,,PROACTIVE,N,Y,Y,,5,3.33
Sunset Inn and Suites,ISOMSunse31883,,ABV,8310016368826,N,,,,09/14/2026,ISOM,,,,,PROACTIVE,N,Y,Y,,5,3.33
Sunshine Glass,ISOMSunsh32676,,ABV,8310015480679,N,,,,09/14/2026,ISOM,,,,,PROACTIVE,N,Y,Y,,5,3.33
Supreme Crab,ISOMSupre31487,,ABV,8310016241424,N,,,,09/14/2026,ISOM,,,,,PROACTIVE,N,Y,Y,,5,3.33
"Sure Forming Systems, Inc.",ISOMSureF31728,,ABV,8310015952352,N,,,,09/14/2026,ISOM,,,,,PROACTIVE,N,Y,Y,,5,3.33
Sushi House,ISOMSushi31197,,ABV,8310016235519,N,,,,09/14/2026,ISOM,,,,,PROACTIVE,N,Y,Y,,5,3.33
Swissnex San Francisco,ISOMSwiss32395,,ABV,8310016316443,N,,,,09/14/2026,ISOM,,,,,PROACTIVE,N,Y,Y,,5,3.33
Synaptics Incorporated,ISOMSynap32579,,ABV,8310016301104,N,,,,09/14/2026,ISOM,,,,,PROACTIVE,N,Y,Y,,5,3.33
"Syserco, Inc.",ISOMSyser31805,,ABV,8310016152182,N,,,,09/14/2026,ISOM,,,,,PROACTIVE,N,Y,Y,,5,3.33
TACOS LA VILLA,ISOMTACOS31786,,ABV,8310016299823,N,,,,09/14/2026,ISOM,,,,,PROACTIVE,N,Y,Y,,5,3.33
TAK WAI WONG DBA,ISOMTAKWA31000,,ABV,8310015518578,N,,,,09/14/2026,ISOM,,,,,PROACTIVE,N,Y,Y,,5,3.33
TAMARACK HOMEOWNERS,ISOMTAMAR32819,,ABV,8310015901586,N,,,,09/14/2026,ISOM,,,,,PROACTIVE,N,Y,Y,,5,3.33
TAN FINANCIAL,ISOMTANFI31734,,ABV,8310016097681,N,,,,09/14/2026,ISOM,,,,,PROACTIVE,N,Y,Y,,5,3.33
TANKLESS BROTHERS INC,ISOMTANKL32025,,ABV,8310015726075,N,,,,09/14/2026,ISOM,,,,,PROACTIVE,N,Y,Y,,5,3.33
TARBIYA INSTITUTE,ISOMTARBI32786,,ABV,8310015842092,N,,,,09/14/2026,ISOM,,,,,PROACTIVE,N,Y,Y,,5,3.33
TARMA LLC,ISOMTARMA31471,,ABV,8310016362986,N,,,,09/14/2026,ISOM,,,,,PROACTIVE,N,Y,Y,,5,3.33
TERRASINI SENIOR APARTMENTS,ISOMTERRA31427,,ABV,8310016195701,N,,,,09/14/2026,ISOM,,,,,PROACTIVE,N,Y,Y,,5,3.33
TERRACOMMERCIAL INC,ISOMTERRA31456,,ABV,8310016120769,N,,,,09/14/2026,ISOM,,,,,PROACTIVE,N,Y,Y,,5,3.33
TERRA FIRMA FULLERTON,ISOMTERRA32365,,ABV,8310016130899,N,,,,09/14/2026,ISOM,,,,,PROACTIVE,N,Y,Y,,5,3.33
TERRI ELLERBROCK,ISOMTERRI31913,,ABV,8310015701386,N,,,,09/14/2026,ISOM,,,,,PROACTIVE,N,Y,Y,,5,3.33
TERRY SHUCHAT,ISOMTERRY31816,,ABV,8310016302319,N,,,,09/14/2026,ISOM,,,,,PROACTIVE,N,Y,Y,,5,3.33
TESCO CONTROLS INC,ISOMTESCO31334,,ABV,8310016371449,N,,,,09/14/2026,ISOM,,,,,PROACTIVE,N,Y,Y,,5,3.33
TEXAS HOLD EM LLC,ISOMTEXAS31554,,ABV,8310016400179,N,,,,09/14/2026,ISOM,,,,,PROACTIVE,N,Y,Y,,5,3.33
T GABISON A BULLENE,ISOMTGABI32629,,ABV,8310016184194,N,,,,09/14/2026,ISOM,,,,,PROACTIVE,N,Y,Y,,5,3.33
THE BAYLANDS COMPANY,ISOMTHEBA31122,,ABV,8310015869593,N,,,,09/14/2026,ISOM,,,,,PROACTIVE,N,Y,Y,,5,3.33
THE BAYLANDS COMPANY,ISOMTHEBA31148,,ABV,8310015868931,N,,,,09/14/2026,ISOM,,,,,PROACTIVE,N,N,Y,,5,3.33
THE BELPOST COMPANY INC,ISOMTHEBE32189,,ABV,8310015734457,N,,,,09/14/2026,ISOM,,,,,PROACTIVE,N,Y,Y,,5,3.33
THE BILLUPS FMLY TRUST,ISOMTHEBI32416,,ABV,8310016314360,N,,,,09/14/2026,ISOM,,,,,PROACTIVE,N,Y,Y,,5,3.33
THE CAUSE COMMUNITY,ISOMTHECA31982,,ABV,8310016103799,N,,,,09/14/2026,ISOM,,,,,PROACTIVE,N,Y,Y,,5,3.33
THE GRAND DEL MAR VILLAS HOME,ISOMTHEGR32628,,ABV,8310016183860,N,,,,09/14/2026,ISOM,,,,,PROACTIVE,N,Y,Y,,5,3.33
THE GREATER ST PAUL,ISOMTHEGR32745,,ABV,8310015603840,N,,,,09/14/2026,ISOM,,,,,PROACTIVE,N,Y,Y,,5,3.33
THE J3 LLC,ISOMTHEJ332356,,ABV,8310016310986,N,,,,09/14/2026,ISOM,,,,,PROACTIVE,N,Y,Y,,5,3.33
THE JOHN STEWART CO,ISOMTHEJO31672,,ABV,8310015742523,N,,,,09/14/2026,ISOM,,,,,PROACTIVE,N,Y,Y,,5,3.33
THE JOHN STEWART COMPANY -125 MASON,ISOMTHEJO31977,,ABV,8310015918549,N,,,,09/14/2026,ISOM,,,,,PROACTIVE,N,Y,Y,,5,3.33
THE KEYS ASSOCIATION,ISOMTHEKE31097,,ABV,8310015792319,N,,,,09/14/2026,ISOM,,,,,PROACTIVE,N,Y,Y,,5,3.33
THE PARAGON HOA,ISOMTHEPA32227,,ABV,8310015846421,N,,,,09/14/2026,ISOM,,,,,PROACTIVE,N,Y,Y,,5,3.33
THE POLICE CREDIT UNION,ISOMTHEPO31162,,ABV,8310015957348,N,,,,09/14/2026,ISOM,,,,,PROACTIVE,N,Y,Y,,5,3.33
THE POTRERO OWNERS ASSOCIATION,ISOMTHEPO32345,,ABV,8310016258635,N,,,,09/14/2026,ISOM,,,,,PROACTIVE,N,Y,Y,,5,3.33
THE POINT AT BEVERLY HILLS,ISOMTHEPO32727,,ABV,8310015579965,N,,,,09/14/2026,ISOM,,,,,PROACTIVE,N,Y,Y,,5,3.33
THERAVANCE LLC,ISOMTHERA31747,,ABV,8310016082507,N,,,,09/14/2026,ISOM,,,,,PROACTIVE,N,Y,Y,,5,3.33
THE THRIFT STORE CORP 270 E MAIN ST,ISOMTHETH31431,,ABV,8310016190244,N,,,,09/14/2026,ISOM,,,,,PROACTIVE,N,Y,Y,,5,3.33
THE WINCHESTERMISTERY HOUSE,ISOMTHEWI32196,,ABV,8310015726156,N,,,,09/14/2026,ISOM,,,,,PROACTIVE,N,Y,Y,,5,3.33
THOMAS S KELLY,ISOMTHOMA31974,,ABV,8310016217717,N,,,,09/14/2026,ISOM,,,,,PROACTIVE,N,Y,Y,,5,3.33
THREE LINE PRODUCTION,ISOMTHREE32080,,ABV,8310016387160,N,,,,09/14/2026,ISOM,,,,,PROACTIVE,N,Y,Y,,5,3.33
THRIFTY OIL CO.,ISOMTHRIF31213,,ABV,8310016112225,N,,,,09/14/2026,ISOM,,,,,PROACTIVE,N,Y,Y,,5,3.33
TILDEN CONSTRUCTORS INC,ISOMTILDE31400,,ABV,8310015735896,N,,,,09/14/2026,ISOM,,,,,PROACTIVE,N,Y,Y,,5,3.33
TMG PARTNERS R.E LLC 300,ISOMTMGPA31649,,ABV,8310015719074,N,,,,09/14/2026,ISOM,,,,,PROACTIVE,N,Y,Y,,5,3.33
TOCA,ISOMTOCA32611,,ABV,8310016144686,N,,,,09/14/2026,ISOM,,,,,PROACTIVE,N,Y,Y,,5,3.33
TOENISKOETTER &,ISOMTOENI31048,,ABV,8310015612830,N,,,,09/14/2026,ISOM,,,,,PROACTIVE,N,Y,Y,,5,3.33
TOENISKOETTER &,ISOMTOENI31090,,ABV,8310015787327,N,,,,09/14/2026,ISOM,,,,,PROACTIVE,N,Y,Y,,5,3.33
TOENISKOETTER &,ISOMTOENI31684,,ABV,8310015833692,N,,,,09/14/2026,ISOM,,,,,PROACTIVE,N,Y,Y,,5,3.33
TOENISKOETTER &,ISOMTOENI32158,,ABV,8310015610398,N,,,,09/14/2026,ISOM,,,,,PROACTIVE,N,Y,Y,,5,3.33
TOENISKOETTER &,ISOMTOENI32207,,ABV,8310015787638,N,,,,09/14/2026,ISOM,,,,,PROACTIVE,N,Y,Y,,5,3.33
TOKOYO EAST LLC,ISOMTOKOY32784,,ABV,8310015848425,N,,,,09/14/2026,ISOM,,,,,PROACTIVE,N,Y,Y,,5,3.33
TOKYO EXPRESS COMPANY INC,ISOMTOKYO31766,,ABV,8310016079104,N,,,,09/14/2026,ISOM,,,,,PROACTIVE,N,Y,Y,,5,3.33
TOLERANCE FOUNDATION,ISOMTOLER32690,,ABV,8310015506653,N,,,,09/14/2026,ISOM,,,,,PROACTIVE,N,Y,Y,,5,3.33
TOP CITY INVESTMENT INC,ISOMTOPCI32243,,ABV,8310015899199,N,,,,09/14/2026,ISOM,,,,,PROACTIVE,N,Y,Y,,5,3.33
TORREY PINES SCIENCE CENTER,ISOMTORRE32707,,ABV,8310015528637,N,,,,09/14/2026,ISOM,,,,,PROACTIVE,N,Y,Y,,5,3.33
"TOSHIBA AMERICA INFORMATION SYSTEMS, INC.",ISOMTOSHI31236,,ABV,8310016310685,N,,,,09/14/2026,ISOM,,,,,PROACTIVE,N,Y,Y,,5,3.33
TOWN CENTER MARKET INC.,ISOMTOWNC32816,,ABV,8310015923295,N,,,,09/14/2026,ISOM,,,,,PROACTIVE,N,Y,Y,,5,3.33
"TRACY, CITY OF",ISOMTRACY32660,,ABV,8310016386545,N,,,,09/14/2026,ISOM,,,,,PROACTIVE,N,Y,Y,,5,3.33
TREAT OFFICE PLAZA,ISOMTREAT31924,,ABV,8310015942227,N,,,,09/14/2026,ISOM,,,,,PROACTIVE,N,Y,Y,,5,3.33
T R FUNDING LLC,ISOMTRFUN31546,,ABV,8310015703769,N,,,,09/14/2026,ISOM,,,,,PROACTIVE,N,Y,Y,,5,3.33
TRI-COUNTIES REGIONAL CENTER,ISOMTRI-C31768,,ABV,8310016226613,N,,,,09/14/2026,ISOM,,,,,PROACTIVE,N,N,Y,,5,3.33
TRICO LP DBA,ISOMTRICO31762,,ABV,8310016251479,N,,,,09/14/2026,ISOM,,,,,PROACTIVE,N,Y,Y,,5,3.33
TRINITY MANAGEMENT SERVICES,ISOMTRINI32282,,ABV,8310015940727,N,,,,09/14/2026,ISOM,,,,,PROACTIVE,N,Y,Y,,5,3.33
TRINITY MANAGEMENT SERVICES,ISOMTRINI32536,,ABV,8310016190428,N,,,,09/14/2026,ISOM,,,,,PROACTIVE,N,Y,Y,,5,3.33
TRIPLE PPP LLC,ISOMTRIPL32782,,ABV,8310015760367,N,,,,09/14/2026,ISOM,,,,,PROACTIVE,N,Y,Y,,5,3.33
T & T PROPERTY DELUXE,ISOMTTPRO32619,,ABV,8310015847932,N,,,,09/14/2026,ISOM,,,,,PROACTIVE,N,Y,Y,,5,3.33
TTT Kc of Torrance LLC,ISOMTTTKc31274,,ABV,8310016143385,N,,,,09/14/2026,ISOM,,,,,PROACTIVE,N,Y,Y,,5,3.33
TURK'S DANA WARF INC,ISOMTURK'31424,,ABV,8310016188316,N,,,,09/14/2026,ISOM,,,,,PROACTIVE,N,Y,Y,,5,3.33
TURLOCK URGENT CARE,ISOMTURLO32653,,ABV,8310016358647,N,,,,09/14/2026,ISOM,,,,,PROACTIVE,N,Y,Y,,5,3.33
TUSTIN VIEW 3538,ISOMTUSTI31605,,ABV,8310015544223,N,,,,09/14/2026,ISOM,,,,,PROACTIVE,N,Y,Y,,5,3.33
TUSTIN VIEW 3538,ISOMTUSTI32303,,ABV,8310016065393,N,,,,09/14/2026,ISOM,,,,,PROACTIVE,N,Y,Y,,5,3.33
TUSTIN VIEW 3538,ISOMTUSTI32613,,ABV,8310016143467,N,,,,09/14/2026,ISOM,,,,,PROACTIVE,N,Y,Y,,5,3.33
TWM INDUSTRIES,ISOMTWMIN31450,,ABV,8310016212530,N,,,,09/14/2026,ISOM,,,,,PROACTIVE,N,Y,Y,,5,3.33
Tacos La Villa,ISOMTacos31461,,ABV,8310016257017,N,,,,09/14/2026,ISOM,,,,,PROACTIVE,N,Y,Y,,5,3.33
Tacos Y Tortas Chailo's 2,ISOMTacos32504,,ABV,8310015934494,N,,,,09/14/2026,ISOM,,,,,PROACTIVE,N,Y,Y,,5,3.33
Tahmazian Law Firm,ISOMTahma31764,,ABV,8310016242413,N,,,,09/14/2026,ISOM,,,,,PROACTIVE,N,Y,Y,,5,3.33
"Taylored Transload, LLC",ISOMTaylo31848,,ABV,8310016183852,N,,,,09/14/2026,ISOM,,,,,PROACTIVE,N,Y,Y,,5,3.33
"Tc_American_Canyon,_LLC",ISOMTc_Am31007,,ABV,8310015502821,N,,,,09/14/2026,ISOM,,,,,PROACTIVE,N,Y,Y,,5,3.33
"Tc_American_Canyon,_LLC",ISOMTc_Am31277,,ABV,8310016321606,N,,,,09/14/2026,ISOM,,,,,PROACTIVE,N,Y,Y,,5,3.33
"Tc_American_Canyon,_LLC",ISOMTc_Am31593,,ABV,8310015502829,N,,,,09/14/2026,ISOM,,,,,PROACTIVE,N,Y,Y,,5,3.33
"Tc_American_Canyon,_LLC",ISOMTc_Am32055,,ABV,8310016321600,N,,,,09/14/2026,ISOM,,,,,PROACTIVE,N,Y,Y,,5,3.33
"Tc_American_Canyon,_LLC",ISOMTc_Am32118,,ABV,8310015502819,N,,,,09/14/2026,ISOM,,,,,PROACTIVE,N,Y,Y,,5,3.33
"Tc_American_Canyon,_LLC",ISOMTc_Am32122,,ABV,8310015502823,N,,,,09/14/2026,ISOM,,,,,PROACTIVE,N,N,Y,,5,3.33
"Tc_American_Canyon,_LLC",ISOMTc_Am32692,,ABV,8310015502825,N,,,,09/14/2026,ISOM,,,,,PROACTIVE,N,Y,Y,,5,3.33
Tcw LLC,ISOMTcwLL31793,,ABV,8310016299591,N,,,,09/14/2026,ISOM,,,,,PROACTIVE,N,Y,Y,,5,3.33
Teamster 948,ISOMTeams31778,,ABV,8310016111143,N,,,,09/14/2026,ISOM,,,,,PROACTIVE,N,Y,Y,,5,3.33
Teamster 948,ISOMTeams32204,,ABV,8310015701583,N,,,,09/14/2026,ISOM,,,,,PROACTIVE,N,Y,Y,,5,3.33
Temple Isaiah,ISOMTempl32440,,ABV,8310016174164,N,,,,09/14/2026,ISOM,,,,,PROACTIVE,N,Y,Y,,5,3.33
The A List,ISOMTheAL31719,,ABV,8310015960037,N,,,,09/14/2026,ISOM,,,,,PROACTIVE,N,Y,Y,,5,3.33
The Bay Church,ISOMTheBa32223,,ABV,8310015741420,N,,,,09/14/2026,ISOM,,,,,PROACTIVE,N,Y,Y,,5,3.33
The Bluffs At 44th LP,ISOMTheBl31089,,ABV,8310015679311,N,,,,09/14/2026,ISOM,,,,,PROACTIVE,N,Y,Y,,5,3.33
The Blarney Stone Pub Inc,ISOMTheBl31091,,ABV,8310015799666,N,,,,09/14/2026,ISOM,,,,,PROACTIVE,N,Y,Y,,5,3.33
The Crowden Music Center,ISOMTheCr31356,,ABV,8310016332956,N,,,,09/14/2026,ISOM,,,,,PROACTIVE,N,Y,Y,,5,3.33
The Ezralow Company LLC,ISOMTheEz32811,,ABV,8310015884063,N,,,,09/14/2026,ISOM,,,,,PROACTIVE,N,Y,Y,,5,3.33
The First Citizens National Bank of Upper Sandusky,ISOMTheFi32615,,ABV,8310015869996,N,,,,09/14/2026,ISOM,,,,,PROACTIVE,N,Y,Y,,5,3.33
The Friends of Rancho San Pedro,ISOMTheFr31738,,ABV,8310016094805,N,,,,09/14/2026,ISOM,,,,,PROACTIVE,N,Y,Y,,5,3.33
The Global Asylum Inc,ISOMTheGl32292,,ABV,8310016088064,N,,,,09/14/2026,ISOM,,,,,PROACTIVE,N,Y,Y,,5,3.33
The Keys Association,ISOMTheKe32290,,ABV,8310016086153,N,,,,09/14/2026,ISOM,,,,,PROACTIVE,N,N,Y,,5,3.33
The Laundry Chute LLC,ISOMTheLa31948,,ABV,8310016173466,N,,,,09/14/2026,ISOM,,,,,PROACTIVE,N,Y,Y,,5,3.33
The Olivia Companies LLC,ISOMTheOl31341,,ABV,8310016345549,N,,,,09/14/2026,ISOM,,,,,PROACTIVE,N,Y,Y,,5,3.33
The Piedmont Senior Apartments,ISOMThePi32007,,ABV,8310016326671,N,,,,09/14/2026,ISOM,,,,,PROACTIVE,N,Y,Y,,5,3.33
The RIF Family Partnership,ISOMTheRI31146,,ABV,8310015875975,N,,,,09/14/2026,ISOM,,,,,PROACTIVE,N,Y,Y,,5,3.33
The Raiser Organization,ISOMTheRa32330,,ABV,8310016097372,N,,,,09/14/2026,ISOM,,,,,PROACTIVE,N,Y,Y,,5,3.33
The Shops At Willow Creek LLC,ISOMTheSh30997,,ABV,8310015507369,N,,,,09/14/2026,ISOM,,,,,PROACTIVE,N,Y,Y,,5,3.33
The Shops At Willow Creek LLC,ISOMTheSh31600,,ABV,8310015556572,N,,,,09/14/2026,ISOM,,,,,PROACTIVE,N,Y,Y,,5,3.33
The Shores At Crown Point Condominium Owners Association,ISOMTheSh31978,,ABV,8310016099385,N,,,,09/14/2026,ISOM,,,,,PROACTIVE,N,Y,Y,,5,3.33
The University Club of Palo Alto,ISOMTheUn31491,,ABV,8310016212878,N,,,,09/14/2026,ISOM,,,,,PROACTIVE,N,Y,Y,,5,3.33
The Water Heater Warehouse LLC,ISOMTheWa32458,,ABV,8310016267565,N,,,,09/14/2026,ISOM,,,,,PROACTIVE,N,Y,Y,,5,3.33
Thomas Mackey,ISOMThoma31937,,ABV,8310016138677,N,,,,09/14/2026,ISOM,,,,,PROACTIVE,N,Y,Y,,5,3.33
Thomas Ranch,ISOMThoma32323,,ABV,8310016232255,N,,,,09/14/2026,ISOM,,,,,PROACTIVE,N,Y,Y,,5,3.33
Tipsy Nail & spa,ISOMTipsy32017,,ABV,8310016228608,N,,,,09/14/2026,ISOM,,,,,PROACTIVE,N,Y,Y,,5,3.33
"Tjc Home Builders, LLC",ISOMTjcHo32753,,ABV,8310015728250,N,,,,09/14/2026,ISOM,,,,,PROACTIVE,N,Y,Y,,5,3.33
"Toeniskoetter Development, Inc.",ISOMToeni32770,,ABV,8310015787690,N,,,,09/14/2026,ISOM,,,,,PROACTIVE,N,Y,Y,,5,3.33
Tombridge Incorporated,ISOMTombr31852,,ABV,8310016226551,N,,,,09/14/2026,ISOM,,,,,PROACTIVE,N,N,Y,,5,3.33
Tombridge Incorporated,ISOMTombr32818,,ABV,8310015892189,N,,,,09/14/2026,ISOM,,,,,PROACTIVE,N,Y,Y,,5,3.33
"Top Security Services, Inc.",ISOMTopSe31074,,ABV,8310015736845,N,,,,09/14/2026,ISOM,,,,,PROACTIVE,N,Y,Y,,5,3.33
"Tow World, Inc.",ISOMTowWo31067,,ABV,8310015720092,N,,,,09/14/2026,ISOM,,,,,PROACTIVE,N,Y,Y,,5,3.33
Traveltrust Corporation,ISOMTrave32393,,ABV,8310016326380,N,,,,09/14/2026,ISOM,,,,,PROACTIVE,N,Y,Y,,5,3.33
Tripple P LLC,ISOMTripp31642,,ABV,8310015593049,N,,,,09/14/2026,ISOM,,,,,PROACTIVE,N,Y,Y,,5,3.33
Truckee-Tahoe Lumber Company,ISOMTruck31033,,ABV,8310015570251,N,,,,09/14/2026,ISOM,,,,,PROACTIVE,N,Y,Y,,5,3.33
Truckee Craft Brewing,ISOMTruck32326,,ABV,8310016099382,N,,,,09/14/2026,ISOM,,,,,PROACTIVE,N,Y,Y,,5,3.33
"Truxtun Land Company, LLC",ISOMTruxt32008,,ABV,8310016169228,N,,,,09/14/2026,ISOM,,,,,PROACTIVE,N,Y,Y,,5,3.33
Tt Deli,ISOMTtDel32714,,ABV,8310015663606,N,,,,09/14/2026,ISOM,,,,,PROACTIVE,N,Y,Y,,5,3.33
Tupaz Homes LLC,ISOMTupaz32752,,ABV,8310015724161,N,,,,09/14/2026,ISOM,,,,,PROACTIVE,N,Y,Y,,5,3.33
Twelve Three One City Center Condominiums Owners Association,ISOMTwelv31634,,ABV,8310015611128,N,,,,09/14/2026,ISOM,,,,,PROACTIVE,N,Y,Y,,5,3.33
Twin Pines Mobile Home Park,ISOMTwinP31915,,ABV,8310015842701,N,,,,09/14/2026,ISOM,,,,,PROACTIVE,N,Y,Y,,5,3.33
Twin Pine Casino & Hotel,ISOMTwinP32286,,ABV,8310016097838,N,,,,09/14/2026,ISOM,,,,,PROACTIVE,N,N,Y,,5,3.33
Twin Pine Casino & Hotel,ISOMTwinP32388,,ABV,8310016310743,N,,,,09/14/2026,ISOM,,,,,PROACTIVE,N,Y,Y,,5,3.33
U.S. REIF SIC 6300 WILSHIRE,ISOMU.S.R31620,,ABV,8310015670248,N,,,,09/14/2026,ISOM,,,,,PROACTIVE,N,Y,Y,,5,3.33
UNCLE PHIL LLC,ISOMUNCLE31321,,ABV,8310016232656,N,,,,09/14/2026,ISOM,,,,,PROACTIVE,N,Y,Y,,5,3.33
UNITED MEDICAL CENTER,ISOMUNITE32273,,ABV,8310015965846,N,,,,09/14/2026,ISOM,,,,,PROACTIVE,N,Y,Y,,5,3.33
UNITED IRISH CUL CTR,ISOMUNITE32556,,ABV,8310016206322,N,,,,09/14/2026,ISOM,,,,,PROACTIVE,N,Y,Y,,5,3.33
UNIT SAN FRANCI,ISOMUNITS32560,,ABV,8310016210665,N,,,,09/14/2026,ISOM,,,,,PROACTIVE,N,Y,Y,,5,3.33
UNIVERSAL PORTFOLIO LIMITED,ISOMUNIVE32166,,ABV,8310015626067,N,,,,09/14/2026,ISOM,,,,,PROACTIVE,N,Y,Y,,5,3.33
UNSPOKEN,ISOMUNSPO32156,,ABV,8310015585571,N,,,,09/14/2026,ISOM,,,,,PROACTIVE,N,Y,Y,,5,3.33
UNSPOKEN,ISOMUNSPO32742,,ABV,8310015591528,N,,,,09/14/2026,ISOM,,,,,PROACTIVE,N,Y,Y,,5,3.33
UNVERFERTH MFG CO INC,ISOMUNVER31116,,ABV,8310015804034,N,,,,09/14/2026,ISOM,,,,,PROACTIVE,N,Y,Y,,5,3.33
UNVERFERTH MFG CO INC,ISOMUNVER31610,,ABV,8310015666942,N,,,,09/14/2026,ISOM,,,,,PROACTIVE,N,Y,Y,,5,3.33
URBAN AIR-1695 willow pass  rd-4,ISOMURBAN32668,,ABV,8310015066405,N,,,,09/14/2026,ISOM,,,,,PROACTIVE,N,Y,Y,,5,3.33
URNER'S,ISOMURNER32646,,ABV,8310016104475,N,,,,09/14/2026,ISOM,,,,,PROACTIVE,N,Y,Y,,5,3.33
USA PROPERTIES FUND,ISOMUSAPR31898,,ABV,8310016273795,N,,,,09/14/2026,ISOM,,,,,PROACTIVE,N,Y,Y,,5,3.33
USCOF OPTICAL COURT LLC,ISOMUSCOF31785,,ABV,8310016266422,N,,,,09/14/2026,ISOM,,,,,PROACTIVE,N,Y,Y,,5,3.33
USNT Green LLC,ISOMUSNTG31494,,ABV,8310015782561,N,,,,09/14/2026,ISOM,,,,,PROACTIVE,N,Y,Y,,5,3.33
United Valley Parking Inc,ISOMUnite31782,,ABV,8310016261200,N,,,,09/14/2026,ISOM,,,,,PROACTIVE,N,Y,Y,,5,3.33
"United Seafood Group, Inc",ISOMUnite32385,,ABV,8310016317304,N,,,,09/14/2026,ISOM,,,,,PROACTIVE,N,Y,Y,,5,3.33
United Concrete Pumping,ISOMUnite32832,,ABV,8310015963840,N,,,,09/14/2026,ISOM,,,,,PROACTIVE,N,Y,Y,,5,3.33
"Universal Security and Fire, Inc.",ISOMUnive31230,,ABV,8310016303382,N,,,,09/14/2026,ISOM,,,,,PROACTIVE,N,Y,Y,,5,3.33
VALLEY AUTOMOTIVE DISTRIBUTORS,ISOMVALLE31061,,ABV,8310015604008,N,,,,09/14/2026,ISOM,,,,,PROACTIVE,N,Y,Y,,5,3.33
VALLEY CYCLE AND MOTORSPORTS,ISOMVALLE32547,,ABV,8310015807636,N,,,,09/14/2026,ISOM,,,,,PROACTIVE,N,Y,Y,,5,3.33
VALUE PLUS SERVICE LLC,ISOMVALUE31103,,ABV,8310015741477,N,,,,09/14/2026,ISOM,,,,,PROACTIVE,N,Y,Y,,5,3.33
VAUGHN WATER COMPANY,ISOMVAUGH31211,,ABV,8310016122270,N,,,,09/14/2026,ISOM,,,,,PROACTIVE,N,Y,Y,,5,3.33
VAUGHN WATER COMPANY,ISOMVAUGH31627,,ABV,8310015580556,N,,,,09/14/2026,ISOM,,,,,PROACTIVE,N,N,Y,,5,3.33
VELVET HEART,ISOMVELVE31449,,ABV,8310015941878,N,,,,09/14/2026,ISOM,,,,,PROACTIVE,N,Y,Y,,5,3.33
VENTURA WILLIS PROPEERTRIES,ISOMVENTU31154,,ABV,8310015958112,N,,,,09/14/2026,ISOM,,,,,PROACTIVE,N,Y,Y,,5,3.33
VENTURA WILLIS PROPEERTRIES,ISOMVENTU31510,,ABV,8310016213333,N,,,,09/14/2026,ISOM,,,,,PROACTIVE,N,Y,Y,,5,3.33
VILLA DE ADEL APARTMENTS,ISOMVILLA31036,,ABV,8310015568682,N,,,,09/14/2026,ISOM,,,,,PROACTIVE,N,Y,Y,,5,3.33
VILLA FRESNO,ISOMVILLA31150,,ABV,8310015964313,N,,,,09/14/2026,ISOM,,,,,PROACTIVE,N,Y,Y,,5,3.33
VILLA MERCED,ISOMVILLA31206,,ABV,8310016202609,N,,,,09/14/2026,ISOM,,,,,PROACTIVE,N,Y,Y,,5,3.33
VILLA DE ADEL APARTMENTS,ISOMVILLA31686,,ABV,8310015801696,N,,,,09/14/2026,ISOM,,,,,PROACTIVE,N,Y,Y,,5,3.33
VILLAGE PRESCHOOL OF VISALIA,ISOMVILLA32806,,ABV,8310015836026,N,,,,09/14/2026,ISOM,,,,,PROACTIVE,N,Y,Y,,5,3.33
VINCE'S POOL SERVICE & SHOP,ISOMVINCE31464,,ABV,8310016305248,N,,,,09/14/2026,ISOM,,,,,PROACTIVE,N,Y,Y,,5,3.33
VINTAGE INVESTMENTS LLC,ISOMVINTA31504,,ABV,8310016170930,N,,,,09/14/2026,ISOM,,,,,PROACTIVE,N,Y,Y,,5,3.33
VISTA CAPITAL LP,ISOMVISTA31858,,ABV,8310016363814,N,,,,09/14/2026,ISOM,,,,,PROACTIVE,N,Y,Y,,5,3.33
VISTA CHRISTIAN FELLOWSHIP,ISOMVISTA31900,,ABV,8310016275248,N,,,,09/14/2026,ISOM,,,,,PROACTIVE,N,Y,Y,,5,3.33
VISTA DEL VERDE HM ASSN,ISOMVISTA31950,,ABV,8310016169350,N,,,,09/14/2026,ISOM,,,,,PROACTIVE,N,Y,Y,,5,3.33
VISTA DEL LAGO HOA,ISOMVISTA32457,,ABV,8310016249477,N,,,,09/14/2026,ISOM,,,,,PROACTIVE,N,Y,Y,,5,3.33
VLAHOS & VOZIKES REF SAN CARLOS,ISOMVLAHO32739,,ABV,8310015618855,N,,,,09/14/2026,ISOM,,,,,PROACTIVE,N,Y,Y,,5,3.33
"Valley Remnants & Rolls, LLC",ISOMValle31105,,ABV,8310015689459,N,,,,09/14/2026,ISOM,,,,,PROACTIVE,N,Y,Y,,5,3.33
Valley Center Foods Inc,ISOMValle31167,,ABV,8310015941769,N,,,,09/14/2026,ISOM,,,,,PROACTIVE,N,Y,Y,,5,3.33
"Valley Christian Center of Dublin, California",ISOMValle31595,,ABV,8310015564744,N,,,,09/14/2026,ISOM,,,,,PROACTIVE,N,Y,Y,,5,3.33
"Valley Food Market, Inc",ISOMValle31856,,ABV,8310016222952,N,,,,09/14/2026,ISOM,,,,,PROACTIVE,N,Y,Y,,5,3.33
Valley Center Oil Corporation,ISOMValle32190,,ABV,8310015718927,N,,,,09/14/2026,ISOM,,,,,PROACTIVE,N,Y,Y,,5,3.33
Valley Fair Realty Corporation,ISOMValle32373,,ABV,8310016173629,N,,,,09/14/2026,ISOM,,,,,PROACTIVE,N,Y,Y,,5,3.33
Valley Fair Realty Corporation,ISOMValle32621,,ABV,8310016173631,N,,,,09/14/2026,ISOM,,,,,PROACTIVE,N,Y,Y,,5,3.33
Verano Condominiums,ISOMVeran32743,,ABV,8310015593182,N,,,,09/14/2026,ISOM,,,,,PROACTIVE,N,Y,Y,,5,3.33
Verano Condominiums,ISOMVeran32744,,ABV,8310015593184,N,,,,09/14/2026,ISOM,,,,,PROACTIVE,N,Y,Y,,5,3.33
"Vero Mission Street Properties, LLC",ISOMVeroM31603,,ABV,8310015541290,N,,,,09/14/2026,ISOM,,,,,PROACTIVE,N,Y,Y,,5,3.33
"Vertex Electrical Wholesales, Inc.",ISOMVerte31422,,ABV,8310015786898,N,,,,09/14/2026,ISOM,,,,,PROACTIVE,N,Y,Y,,5,3.33
Vhm Group Inc.,ISOMVhmGr32813,,ABV,8310015920610,N,,,,09/14/2026,ISOM,,,,,PROACTIVE,N,Y,Y,,5,3.33
Victoria's Delicatessen,ISOMVicto32312,,ABV,8310015875168,N,,,,09/14/2026,ISOM,,,,,PROACTIVE,N,Y,Y,,5,3.33
Vikaro Motor Werks Inc.,ISOMVikar31301,,ABV,8310016328715,N,,,,09/14/2026,ISOM,,,,,PROACTIVE,N,Y,Y,,5,3.33
Vincent Wong DDS A Professional Dental Corporation,ISOMVince32344,,ABV,8310016263871,N,,,,09/14/2026,ISOM,,,,,PROACTIVE,N,Y,Y,,5,3.33
Vine Garden Hoa,ISOMVineG31976,,ABV,8310016206945,N,,,,09/14/2026,ISOM,,,,,PROACTIVE,N,Y,Y,,5,3.33
Vista Post Acute,ISOMVista31753,,ABV,8310016081819,N,,,,09/14/2026,ISOM,,,,,PROACTIVE,N,Y,Y,,5,3.33
Vive Collection,ISOMViveC31705,,ABV,8310015873844,N,,,,09/14/2026,ISOM,,,,,PROACTIVE,N,Y,Y,,5,3.33
"W. D. Bell, Inc.",ISOMW.D.B31235,,ABV,8310016308227,N,,,,09/14/2026,ISOM,,,,,PROACTIVE,N,Y,Y,,5,3.33
W.L.W LLC 21066,ISOMW.L.W31722,,ABV,8310015932962,N,,,,09/14/2026,ISOM,,,,,PROACTIVE,N,Y,Y,,5,3.33
WALTER HAMMON,ISOMWALTE31076,,ABV,8310015679492,N,,,,09/14/2026,ISOM,,,,,PROACTIVE,N,Y,Y,,5,3.33
WAR HORSE GOLDEN GATE LLC,ISOMWARHO31112,,ABV,8310015827667,N,,,,09/14/2026,ISOM,,,,,PROACTIVE,N,Y,Y,,5,3.33
WARING PARTNERS,ISOMWARIN32010,,ABV,8310016194107,N,,,,09/14/2026,ISOM,,,,,PROACTIVE,N,Y,Y,,5,3.33
WASHINGTON PINES HOA,ISOMWASHI32224,,ABV,8310015754159,N,,,,09/14/2026,ISOM,,,,,PROACTIVE,N,Y,Y,,5,3.33
WATERS END,ISOMWATER31415,,ABV,8310016169130,N,,,,09/14/2026,ISOM,,,,,PROACTIVE,N,Y,Y,,5,3.33
WATTS ATHENS,ISOMWATTS32689,,ABV,8310015518242,N,,,,09/14/2026,ISOM,,,,,PROACTIVE,N,Y,Y,,5,3.33
WCMP Los Feliz,ISOMWCMPL32841,,ABV,8310015970831,N,,,,09/14/2026,ISOM,,,,,PROACTIVE,N,Y,Y,,5,3.33
WEDBUSH CAPITAL MANAGEMENT LLC,ISOMWEDBU31419,,ABV,8310016156224,N,,,,09/14/2026,ISOM,,,,,PROACTIVE,N,Y,Y,,5,3.33
WEDBUSH CAPITAL MANAGEMENT LLC,ISOMWEDBU32000,,ABV,8310016135267,N,,,,09/14/2026,ISOM,,,,,PROACTIVE,N,Y,Y,,5,3.33
WELLINGTON SQ HMWNR,ISOMWELLI32285,,ABV,8310016097691,N,,,,09/14/2026,ISOM,,,,,PROACTIVE,N,Y,Y,,5,3.33
WEST COAST DRYWALL &,ISOMWESTC31063,,ABV,8310015738083,N,,,,09/14/2026,ISOM,,,,,PROACTIVE,N,N,Y,,5,3.33
WEST COAST PORCELAIN INC,ISOMWESTC32835,,ABV,8310015962002,N,,,,09/14/2026,ISOM,,,,,PROACTIVE,N,Y,Y,,5,3.33
WEST KNOLL CONDO ASSC,ISOMWESTK31687,,ABV,8310015806850,N,,,,09/14/2026,ISOM,,,,,PROACTIVE,N,Y,Y,,5,3.33
"WESTLAKE DEVELOPMENT GROUP, LL",ISOMWESTL31282,,ABV,8310016144098,N,,,,09/14/2026,ISOM,,,,,PROACTIVE,N,Y,Y,,5,3.33
"WESTLAKE DEVELOPMENT GROUP, LL",ISOMWESTL31822,,ABV,8310016144096,N,,,,09/14/2026,ISOM,,,,,PROACTIVE,N,Y,Y,,5,3.33
WESTVIEW TOWERS,ISOMWESTV32197,,ABV,8310015716790,N,,,,09/14/2026,ISOM,,,,,PROACTIVE,N,Y,Y,,5,3.33
WHITNEY YOUNG CHILD DEV,ISOMWHITN32586,,ABV,8310016170243,N,,,,09/14/2026,ISOM,,,,,PROACTIVE,N,Y,Y,,5,3.33
WILD ROSE NORTH,ISOMWILDR31745,,ABV,8310016061082,N,,,,09/14/2026,ISOM,,,,,PROACTIVE,N,Y,Y,,5,3.33
WILLOW PASS BUSINESS PA,ISOMWILLO31579,,ABV,8310015500296,N,,,,09/14/2026,ISOM,,,,,PROACTIVE,N,Y,Y,,5,3.33
WILLOWBROOK HOUSING PARTNERS,ISOMWILLO32471,,ABV,8310016301253,N,,,,09/14/2026,ISOM,,,,,PROACTIVE,N,Y,Y,,5,3.33
WINDSOR MANAGEMENT CORPORATION,ISOMWINDS31326,,ABV,8310016358684,N,,,,09/14/2026,ISOM,,,,,PROACTIVE,N,Y,Y,,5,3.33
WINDSOR MANAGEMENT CORPORATION,ISOMWINDS31475,,ABV,8310016343858,N,,,,09/14/2026,ISOM,,,,,PROACTIVE,N,Y,Y,,5,3.33
WINDSOR MANAGEMENT CORPORATION,ISOMWINDS31528,,ABV,8310016349851,N,,,,09/14/2026,ISOM,,,,,PROACTIVE,N,Y,Y,,5,3.33
WISEMAN,ISOMWISEM31208,,ABV,8310016217598,N,,,,09/14/2026,ISOM,,,,,PROACTIVE,N,Y,Y,,5,3.33
WISEMAN,ISOMWISEM31209,,ABV,8310016217595,N,,,,09/14/2026,ISOM,,,,,PROACTIVE,N,Y,Y,,5,3.33
WITHERS BERGMAN LLC,ISOMWITHE31795,,ABV,8310016276384,N,,,,09/14/2026,ISOM,,,,,PROACTIVE,N,Y,Y,,5,3.33
WM DENNY DBA,ISOMWMDEN32563,,ABV,8310016118522,N,,,,09/14/2026,ISOM,,,,,PROACTIVE,N,Y,Y,,5,3.33
WMMT,ISOMWMMT31298,,ABV,8310016188628,N,,,,09/14/2026,ISOM,,,,,PROACTIVE,N,Y,Y,,5,3.33
WOODCREST APARTMENTS,ISOMWOODC31044,,ABV,8310015585179,N,,,,09/14/2026,ISOM,,,,,PROACTIVE,N,Y,Y,,5,3.33
WOODLAND HILLS CA,ISOMWOODL32272,,ABV,8310015959929,N,,,,09/14/2026,ISOM,,,,,PROACTIVE,N,Y,Y,,5,3.33
WOODMONT PLAZA PROPERTIES,ISOMWOODM32525,,ABV,8310016155435,N,,,,09/14/2026,ISOM,,,,,PROACTIVE,N,Y,Y,,5,3.33
WSA VILLAGE GREEN LLC,ISOMWSAVI31484,,ABV,8310016130284,N,,,,09/14/2026,ISOM,,,,,PROACTIVE,N,Y,Y,,5,3.33
W S G LLC,ISOMWSGLL31754,,ABV,8310016247877,N,,,,09/14/2026,ISOM,,,,,PROACTIVE,N,Y,Y,,5,3.33
WYMAN PROPERTY MANAGMENT,ISOMWYMAN32587,,ABV,8310016181834,N,,,,09/14/2026,ISOM,,,,,PROACTIVE,N,Y,Y,,5,3.33
"Wakunaga of America Co., Ltd.",ISOMWakun32124,,ABV,8310015502887,N,,,,09/14/2026,ISOM,,,,,PROACTIVE,N,Y,Y,,5,3.33
Wang Brothers Construction Inc,ISOMWangB32492,,ABV,8310015853528,N,,,,09/14/2026,ISOM,,,,,PROACTIVE,N,Y,Y,,5,3.33
Watt Construction Co.,ISOMWattC31486,,ABV,8310016126742,N,,,,09/14/2026,ISOM,,,,,PROACTIVE,N,Y,Y,,5,3.33
Wavecrest and Lanai Apartments 106,ISOMWavec31492,,ABV,8310016234366,N,,,,09/14/2026,ISOM,,,,,PROACTIVE,N,Y,Y,,5,3.33
"Wayne Waters Plumbing, Inc.",ISOMWayne31534,,ABV,8310016369526,N,,,,09/14/2026,ISOM,,,,,PROACTIVE,N,Y,Y,,5,3.33
Weave Inc.,ISOMWeave31347,,ABV,8310016263940,N,,,,09/14/2026,ISOM,,,,,PROACTIVE,N,Y,Y,,5,3.33
"Weisman, Frederick R Art Foundation",ISOMWeism32258,,ABV,8310015881928,N,,,,09/14/2026,ISOM,,,,,PROACTIVE,N,N,Y,,5,3.33
Wesley House II and III,ISOMWesle31172,,ABV,8310016097558,N,,,,09/14/2026,ISOM,,,,,PROACTIVE,N,Y,Y,,5,3.33
West Coast Properties,ISOMWestC31508,,ABV,8310015834222,N,,,,09/14/2026,ISOM,,,,,PROACTIVE,N,Y,Y,,5,3.33
"West Coast Porcelain, Inc.",ISOMWestC32787,,ABV,8310015842536,N,,,,09/14/2026,ISOM,,,,,PROACTIVE,N,Y,Y,,5,3.33
West Portal Investments Holding LLC,ISOMWestP32573,,ABV,8310016237671,N,,,,09/14/2026,ISOM,,,,,PROACTIVE,N,Y,Y,,5,3.33
West Valley Properties Inc,ISOMWestV31806,,ABV,8310016158871,N,,,,09/14/2026,ISOM,,,,,PROACTIVE,N,Y,Y,,5,3.33
West Valley Properties Inc,ISOMWestV32523,,ABV,8310016158867,N,,,,09/14/2026,ISOM,,,,,PROACTIVE,N,Y,Y,,5,3.33
"Western Flight, Inc.",ISOMWeste31945,,ABV,8310016109267,N,,,,09/14/2026,ISOM,,,,,PROACTIVE,N,Y,Y,,5,3.33
"Western Pacific Bowling Supply, Inc.",ISOMWeste31989,,ABV,8310016216109,N,,,,09/14/2026,ISOM,,,,,PROACTIVE,N,Y,Y,,5,3.33
"Western Flight, Inc.",ISOMWeste32568,,ABV,8310016107740,N,,,,09/14/2026,ISOM,,,,,PROACTIVE,N,Y,Y,,5,3.33
Whale Logistics USA Inc,ISOMWhale31742,,ABV,8310016093755,N,,,,09/14/2026,ISOM,,,,,PROACTIVE,N,Y,Y,,5,3.33
Wheatley Properties LP,ISOMWheat31499,,ABV,8310016133888,N,,,,09/14/2026,ISOM,,,,,PROACTIVE,N,Y,Y,,5,3.33
"Wildenradt-Mcmurray, Inc.",ISOMWilde31733,,ABV,8310016094467,N,,,,09/14/2026,ISOM,,,,,PROACTIVE,N,Y,Y,,5,3.33
"Wilshire Prime, LLC",ISOMWilsh32259,,ABV,8310015882813,N,,,,09/14/2026,ISOM,,,,,PROACTIVE,N,Y,Y,,5,3.33
"Wishon Co., Inc.",ISOMWisho31543,,ABV,8310016365812,N,,,,09/14/2026,ISOM,,,,,PROACTIVE,N,Y,Y,,5,3.33
Woodbridge Village Association Inc,ISOMWoodb32067,,ABV,8310016436162,N,,,,09/14/2026,ISOM,,,,,PROACTIVE,N,Y,Y,,5,3.33
Woods Family Investments LP,ISOMWoods31476,,ABV,8310016198605,N,,,,09/14/2026,ISOM,,,,,PROACTIVE,N,Y,Y,,5,3.33
World Master Craftsmen Inc DBA Nativa In,ISOMWorld31161,,ABV,8310015960026,N,,,,09/14/2026,ISOM,,,,,PROACTIVE,N,Y,Y,,5,3.33
XIN HAO LIU,ISOMXINHA32142,,ABV,8310015657848,N,,,,09/14/2026,ISOM,,,,,PROACTIVE,N,Y,Y,,5,3.33
YING MEI ENTERPRISES LP,ISOMYINGM31779,,ABV,8310016111162,N,,,,09/14/2026,ISOM,,,,,PROACTIVE,N,Y,Y,,5,3.33
YMCA OF THE FOOTHILLS,ISOMYMCAO32414,,ABV,8310016191947,N,,,,09/14/2026,ISOM,,,,,PROACTIVE,N,Y,Y,,5,3.33
YOON JUNG CORP,ISOMYOONJ32322,,ABV,8310016102660,N,,,,09/14/2026,ISOM,,,,,PROACTIVE,N,Y,Y,,5,3.33
YOSEMITE PATHOLOGY MEDICAL,ISOMYOSEM31263,,ABV,8310016156996,N,,,,09/14/2026,ISOM,,,,,PROACTIVE,N,Y,Y,,5,3.33
YS HEALTH CORP,ISOMYSHEA31438,,ABV,8310016223155,N,,,,09/14/2026,ISOM,,,,,PROACTIVE,N,Y,Y,,5,3.33
YURI BUSI MD,ISOMYURIB32436,,ABV,8310016217364,N,,,,09/14/2026,ISOM,,,,,PROACTIVE,N,Y,Y,,5,3.33
Yoohanna Realty,ISOMYooha32369,,ABV,8310016133272,N,,,,09/14/2026,ISOM,,,,,PROACTIVE,N,Y,Y,,5,3.33
Yorgos Burgers Inc,ISOMYorgo31746,,ABV,8310016000459,N,,,,09/14/2026,ISOM,,,,,PROACTIVE,N,Y,Y,,5,3.33
"Ysr CPA Group, P.C.",ISOMYsrCP31312,,ABV,8310016327475,N,,,,09/14/2026,ISOM,,,,,PROACTIVE,N,Y,Y,,5,3.33
ZDI INC,ISOMZDIIN32099,,ABV,8310015482033,N,,,,09/14/2026,ISOM,,,,,PROACTIVE,N,Y,Y,,5,3.33
ZEV RUBINSTEIN,ISOMZEVRU32720,,ABV,8310015643117,N,,,,09/14/2026,ISOM,,,,,PROACTIVE,N,Y,Y,,5,3.33
"Z Gallerie, LLC",ISOMZGall31562,,ABV,8310016416310,N,,,,09/14/2026,ISOM,,,,,PROACTIVE,N,Y,Y,,5,3.33
CJ AMERICA DAY SPA CORP,ISOMCJAME32480,,ABV,,N,,,,09/14/2026,ISOM,,,,,PROACTIVE,N,Y,Y,,5,3.33
Courtyard Terrace,ISOMCourt31720,,ABV,,N,,,,09/14/2026,ISOM,,,,,PROACTIVE,N,Y,Y,,5,3.33
Andrew J Tak MD,ISOMAndre32429,,ABV,,N,,,,09/14/2026,ISOM,,,,,PROACTIVE,N,Y,Y,,5,3.33
"Quarter Pound Korean Bbq, Inc.",ISOMQuart32760,,ABV,,N,,,,09/14/2026,ISOM,,,,,PROACTIVE,N,Y,Y,,5,3.33
"Bibawi Management, LLC",ISOMBibaw32339,,ABV,,N,,,,09/14/2026,ISOM,,,,,PROACTIVE,N,Y,Y,,5,3.33
INTUITIVE SURGICAL INC,ISOMINTUI32723,,ABV,,N,,,,09/14/2026,ISOM,,,,,PROACTIVE,N,Y,Y,,5,3.33
